tweet_id,label
00BHHHP1,-0.95886284
00UNMD0E,0.29533333
01AXPTJF,0.20396769
01HOEQJW,0.9513322
01JUKMAO,-0.15547279
01V1X8XW,0.99448836
01VCVYR0,-0.0373761
01VO7KBO,0.6105371
020SYHIL,1.0069405
02CQIJUI,0.0044260733
02OLGGYV,-0.022337388
02VDQ7JT,0.996957
03VDEOFZ,0.8044982
03W32GF1,0.09495816
0415LSAN,0.45471203
047IZEE1,0.96963644
04BA7VQ9,0.9542404
04Q6QMSI,0.9851807
04UJ9Q31,0.9125936
04W0XJEJ,0.01945962
05277SI4,0.029945739
05OKQQBU,0.63788277
05PUPGUS,0.061760068
0749FDXA,0.8912499
078BED1W,-0.9507957
07B3FVUX,0.04923306
07SO3YBG,-0.9730818
07VBSV9R,0.9800365
07VRJ7KY,0.97717124
07ZUS2DD,1.0013579
08DJ5XND,0.89103884
08HY52OR,0.08166888
08ZVZMNA,0.99738216
09D4JMNJ,0.939976
09DSYIQ7,0.28438836
09O38XEV,0.030652933
0A21KQ6M,0.034280892
0A5K6EBZ,0.01920411
0AKC7N18,0.96486473
0AVGJKYZ,0.06040918
0BJTMHMU,0.49993593
0BLHVV1M,0.053116843
0C4IZ2NQ,0.8915136
0C5GV66O,0.95786285
0CBOHX9M,1.004611
0CCJ1SMQ,0.47485042
0CGQFX6F,0.026611697
0CQ3QSYS,1.0023695
0CXVNB4Q,0.9451448
0D33P1WR,0.0237902
0D3W2EG9,-0.9527954
0D7OGTTQ,0.39581954
0DCGQEQD,0.20582815
0DFIQMAV,0.037294235
0DOD5YV1,0.959343
0DSEXSUT,0.95713335
0E5E5VOC,0.20044185
0EILVR8Z,0.086799234
0ELNXTUQ,0.27561963
0F36Y853,0.1819815
0FCA4MPB,0.0764438
0FKEWN0K,0.66742563
0FOBE3OZ,0.033971503
0FX9QJAS,0.11782405
0G18CCZX,-0.9550162
0G3S14B8,-0.9406084
0G5WK2AZ,-0.6540963
0GB1F2Q5,-0.9277621
0GBJQZB7,0.15708241
0GG5Y3LI,-0.38379133
0GOLHGV0,0.7676761
0H40XA1I,0.068531826
0HAAKCTM,0.38663453
0HZWVJSU,0.9930728
0HZZT3VB,0.5276591
0I1SE7QS,-0.39952058
0I6TQSZE,0.094506636
0IBBENNY,0.97198135
0INHGQUR,-0.13150579
0IRU7WSZ,0.85766435
0J1KH6IR,0.07716318
0JFPL4WS,0.13159697
0JOKLM2W,-0.7564694
0JRF3UU6,0.98477405
0JWZZYP6,-0.39438576
0K600HFK,0.04537595
0KIQZZ55,0.9854659
0KTRZU3F,0.2481381
0L5FPE0M,0.20162176
0LJU7D73,0.07570646
0M5P9LC5,0.9942136
0M738I3J,1.0085719
0MKZBCYV,0.9777535
0MQ7K6CC,0.12743732
0NEYSYJE,0.66249657
0NM97TFK,0.9928823
0NYFVKVR,0.42514348
0OGKWRB6,0.018338695
0P0F7Z28,0.9643009
0P1W9RZV,0.99451894
0PKQN5ZH,0.041280784
0Q269J05,0.4114321
0QAJE1TS,0.06954249
0QP8BFOL,0.97456884
0QPJGR5L,0.07953337
0QY53C2D,-0.12753943
0RBILGAY,0.08081427
0RLELG5C,0.0036630966
0RPFLABS,0.721274
0S7CQ4NM,0.85610396
0S94ZK8X,0.9931808
0SKCHVYQ,-0.7119887
0SPN656F,-0.3859706
0SYVQUV3,0.90100765
0T9M01HO,0.95105475
0TD9MYE7,-0.7647326
0TVVGK0Y,-0.47750652
0U5K9354,0.27367282
0UAS9KZ8,-0.09527823
0UU0K2M9,-0.49094605
0V0E36KX,-0.005740963
0VJRIRF2,0.9717337
0VPWA7OP,0.56958866
0VZZVO8K,0.90170413
0WJ49YKS,0.9949091
0WRP7CRH,0.9789259
0WT10TDJ,0.9885583
0X5OKEGG,0.094472215
0X5XXYXV,0.46108186
0X7XSWH8,0.34829152
0X9NOJIT,0.083909824
0XA3P7K9,1.01416
0XES42U3,0.048790127
0XG1BZYN,0.014270666
0XKCZLPF,0.7288138
0XLA0FDU,-0.10326555
0XYD76FK,-0.29441255
0Y09E8RV,-0.37187588
0YDK8S9C,0.06428957
0YIZRXBP,0.7114269
0YJTCA8W,0.01023268
0YNM4HVC,0.024857106
0YTZPELQ,0.74883604
0Z2MDPDT,0.034180924
0Z2RHQDH,1.0001867
102U0YX3,0.8513194
107C2L0T,0.96274763
107DHDBX,0.9815577
10BYCU8A,-0.24168776
10HEMN9C,0.111128904
10VK7LE1,-0.07832049
10YYE0DC,0.98252136
10YZV5WC,0.021080408
10ZG51MZ,-0.02439493
110TCSFM,0.9283091
11GUK2S1,-0.69119555
11HBNHBZ,0.032590687
11IVYVX2,0.99486274
12L8FLPV,0.9872083
12NODYFQ,-0.9843792
12SDZ9RH,0.98036605
1389W54H,0.06968373
13BVQ17H,0.8227806
13IDRQ2L,0.032399096
13O16XLW,0.21341036
13P6K8QY,0.9973603
13UO9VDI,0.03468521
145PEZAA,0.030691259
146NWQHN,0.7453951
146W4L0B,1.0102984
14NPKO0I,0.056156326
14VKGQMD,0.014339574
156RKJ4J,0.01749776
15LXW89U,0.9418582
15T435VZ,-0.21168277
15ZDGMGZ,0.058400776
16CSK3VX,1.0160975
16GABXU4,-0.06312608
16M3GQBL,0.9915611
16QKOG7D,0.750958
16UV84RZ,1.0127748
16X4WWOG,-0.45378226
17CA2RAB,-0.0132074095
17U0TZP0,0.90304255
17V45OQY,0.032110702
17YJ5XC7,0.9821695
1810S3I5,0.25101796
18F24KHJ,0.5186314
18FGTXCX,-0.013168391
18GHH8L1,0.2591498
18JWONSH,0.30937743
18KLKSIM,-0.005740963
18LR28MW,-0.045527622
18X8NIYZ,0.9819098
18YOVFEQ,1.0057162
195JQFF4,-0.077088065
1960TJV9,0.35657823
19A3XHW0,-0.021083247
19OCHYUN,0.08150268
19OQCFPQ,0.45642287
19R1ZAK4,0.11776123
19RFNUPU,0.96789086
19TXSZ4C,-0.35579443
1A5329KK,0.025610648
1AEQBETN,-0.22400849
1AGLX0FE,-0.07667417
1AW8QSL4,0.18671668
1AYJQ9EZ,0.08874345
1AYVYRYQ,0.6118074
1BHJM0RW,0.9886607
1CDZ2D2P,0.99526566
1CQEHL9J,-0.15441401
1CVJMZDF,0.7884146
1CW7IG3S,0.948266
1D290KFF,-0.07343789
1D89C1XQ,-0.033572674
1DAIX0MA,0.9521963
1DNX3VRF,0.29859436
1E9EBK5B,-0.92531306
1ENRJ53J,0.9941629
1EYYTF6R,0.9976067
1FDILM4A,0.1021294
1FELHUNC,1.0128638
1FQVXJOG,-0.09066322
1FTFR0JD,-0.30017024
1FUDDMOH,0.012044471
1FY7SVW4,-0.27478713
1G3BKVPH,0.9904516
1GLR8XRG,0.20451368
1GNA8599,0.98724806
1GPSS9KB,0.09439616
1GUGJUDU,-0.9458781
1GVYL74K,-0.6202666
1H0CHYJV,0.89775026
1H6D8SIO,0.9790761
1H6UCU0F,0.97091883
1HLZCWBS,0.04047241
1HN5499Q,0.43084753
1HVDMB2S,1.0058715
1I5Y44LR,0.9698894
1IK7LJZZ,0.14488134
1J3NCJOO,0.09239985
1JBC356U,-0.032375854
1JGHA5DB,0.9948905
1JGOLI11,-0.9623774
1JO6NQRU,-0.022755336
1JQ4RLYU,-0.9836149
1JV441U6,0.28890646
1JVVJ2L3,0.9699633
1K7KJ3EM,0.076887585
1KAPDGBL,0.0053164773
1KIXM6E7,0.4380859
1KJKYS09,0.9245662
1L3TVUTI,-0.1151409
1LI7YTGK,-0.31008136
1LIR621Y,0.9532374
1LJP0Q2T,0.97480845
1LLXXFMT,0.96032864
1LM2659Q,0.4385773
1LMPYA19,0.9461299
1LWISJYN,0.99206746
1M3MUGT7,-0.37006313
1M848CXN,0.4142983
1M8M8LWY,0.12019369
1MF8IRNZ,-0.046080388
1MGE219Q,0.03150719
1MVXNBML,0.91392463
1MXZDT81,-0.2388428
1N5ELR4B,0.20576468
1NL1IDBL,0.48898488
1NR57QVC,-0.89782655
1O66DLEX,0.97494215
1OG5E44N,0.56667894
1OLF5CES,-0.81791806
1OTCEUTB,0.37503558
1OV397YI,-0.42473447
1P5OSMZS,0.9864696
1PDXT443,0.984475
1PHQGV1K,0.80936563
1Q4973P1,0.031883292
1QHADUQ8,0.099796295
1QZZ632C,0.08496418
1R10AD1G,0.9894629
1R8LM9Q9,0.060990702
1RJECTL1,0.68711257
1RT2S3G6,-0.011053517
1RVCUR4K,-0.15697566
1RWQDVG6,-0.3497802
1S3AYP18,0.14505693
1S3S29J1,0.0821387
1S49M49N,0.9763549
1SG2X4ZU,0.98264164
1SIX8HLK,0.89903945
1SKCA8EP,0.07570646
1SLHV5XF,0.94313556
1SNNQTIP,0.94326276
1SVQLHHM,-0.21078958
1T0C0J5I,0.59977275
1TE8URRE,0.9302703
1THKW1AH,-0.0136042945
1TYDTNXF,0.2412424
1UD6PS78,0.96481
1V79BWMO,0.9011527
1V8WAUGK,0.95349145
1VF6PHC1,0.24805406
1VS5SVNH,0.9939067
1VTEVYH5,0.23390676
1VYN1VPT,0.26542962
1WJ55D2G,0.980409
1WRK9FR2,0.95034623
1WU05CCZ,0.07131619
1WV6C4G3,-0.48896682
1XLJKA7R,0.033060033
1XLM2TLU,0.5514139
1XNPDGRI,0.63893545
1Y9RZ3FX,0.5904138
1Y9YVSU4,0.93501216
1YYMPD3J,-0.009217426
1ZEJ12YM,0.06902192
1ZH03KU3,1.0086181
1ZIJZJIW,-0.601887
1ZOOZCO3,0.9540456
2029XRFF,0.06949852
2032QSMM,-0.36253977
20GG6UW2,0.07579054
20LVF2NC,0.010594942
20U6WZ29,0.99577856
211GIYHQ,0.13876954
2157Y7O7,0.9513538
21W00O9A,-0.65204346
21XGF2EZ,-0.45337677
222NA1KI,0.97110856
22G523JN,0.9544119
22MVYMI2,0.04930933
22QTELMS,-0.002201058
22W84H17,-0.7754487
23P3SSVR,0.9864406
23XQ7VZW,1.0099417
2464245Z,-0.9527888
24UH976E,0.9972843
2584B7T4,0.026204873
25RQJGOS,0.8491373
25ZLW3EP,-0.07432024
268KX2SY,0.25381595
27N7NOP1,0.5271915
282NC86K,0.96992785
28C5XQXV,0.074425355
28QN0ORU,0.6490179
28YVEFQH,0.066387765
290UJXO2,0.006810274
29EN0QUK,0.9908489
29EZKGY4,1.007171
29OQCDBK,1.0051155
2A1261K1,-0.07749393
2A5IO2S3,0.08168982
2AC4KYQF,1.0139301
2AFDI2MJ,0.8104874
2B1KS8T9,1.0104535
2B6Q61W7,1.0009941
2B8LHDQS,0.083727315
2BBG4MKW,0.039494134
2BDA9NMA,1.0153774
2BF2VDKV,-0.9523644
2BIB2WTB,0.9934929
2BJ7VQ1B,0.9893241
2BSN9HPY,-0.3248011
2BW3A3KP,0.97822213
2C2P5XSF,0.3201645
2C43RFA4,0.03826113
2D43EY76,0.98834884
2DEF3ZT7,0.9702459
2DF4FWM3,0.41689283
2DKH354J,0.031539474
2DOYXIRS,-0.0017647482
2DX9KCUL,0.9999442
2E3Z70J7,0.9826508
2EI65C6O,0.119867764
2EPHZLNX,0.048188433
2EVE47YL,0.06974602
2EVHN3VP,-0.10434957
2FAVB6B8,0.079309046
2FRTDIPL,0.97726846
2FZSC226,0.9634721
2G0ANM9H,0.985302
2G2YL81G,0.034127135
2G67O8AT,-0.9671393
2GGC5RGG,0.45068765
2GGK4EOX,-0.021586888
2GL5L3TK,0.91625905
2GS7T0GP,0.062639534
2HATL6AU,-0.25348574
2HGJ9DS9,0.9215001
2HKGV6C6,0.51679075
2I4G5BMZ,0.17154261
2IHKYZC7,-0.05220613
2IMYI43N,0.8822707
2JF4OGAY,0.13157168
2JSP549M,-0.020298779
2KAEJYFB,0.9905212
2KVJ9CPL,0.26364625
2L12W98H,0.0039137136
2LJYVABU,0.06915563
2LZGD9L7,0.5795062
2M48X0EX,0.92308736
2M4U10QB,0.8899486
2M7ZDGVN,0.048030123
2NGONSTN,0.6977794
2O1HWDA4,0.053476855
2O7CS8PG,0.99383336
2O7N30P2,0.8191554
2OAZY56J,0.14006367
2OEFWJ48,0.08086722
2P27AA3N,-0.9606365
2PI2KGPI,0.1199025
2Q6J3LEW,0.9985826
2QBT70AC,0.057655375
2QVPPZ0I,-0.011474062
2RD4MJQ5,0.74741817
2RSMGGGQ,0.9854208
2RWGX9WY,0.028581515
2S2H03X1,-0.65648973
2S8E7RP3,-0.054060094
2T4CEIWC,-0.15740167
2TJOG1XL,0.9511128
2TT1ZWN6,0.09925866
2TV49WWC,0.020209666
2TXUQJXC,0.98390776
2TYX6BJT,0.9822387
2U39YOH2,1.0121524
2U77KHLV,0.02332487
2U93DIML,-0.9689468
2UIJITYY,0.4449963
2UIKSO1D,0.4913872
2UMKL29B,-0.118123636
2UPIUQFD,-0.010893621
2UTVCH63,0.51224685
2UXG60WA,0.009199984
2VEEYXC7,0.98187184
2VI1RHOM,0.9899305
2VK1B0WY,0.35755688
2VNZ1NAD,-0.006764505
2VP2Z5GN,-0.0033279117
2VT9R24K,-0.06427129
2VU8UF00,0.33190995
2VWPD5U4,0.9642322
2WXZUSMS,-0.09038427
2XHX1QED,-0.00215064
2XLCIVW5,0.9513338
2XP0FDGT,0.555884
2XQF45DB,0.06933694
2YACEGJQ,0.027336743
2Z1FL5YK,0.012936855
2ZSGSQSL,0.06249319
2ZSTFLM6,0.97160035
30CQ4YNU,-0.32973766
30MPKN09,-0.94832736
30N2WSHO,0.9829185
30TAAJDM,-0.06786155
30U4EMKG,0.38784373
318SVEA6,0.23747638
31A8K788,0.029767346
32M2Q44I,0.9999622
32REVAG0,0.9695571
32T6ZRCY,0.62894404
32Y7YIIO,0.9963204
33481WKC,0.9898523
3399ZKCE,-0.13036454
33BNL0AS,-0.006744981
34ILBL2X,-0.45339626
350WHWEN,0.9857152
35W4BU5I,-0.042415626
35XND9O4,-0.87753475
364SLNBT,0.952763
365NIVAY,0.33414584
36C8E3FX,0.26845062
379KFE4P,0.9469349
37C25N7S,-0.28761655
37EZIVHP,-0.40363258
37MY2GB3,0.39269233
37OZ6OG5,0.9869694
37TE28RG,0.004342776
37U8WO0T,0.9667576
380K9ZWQ,0.2386842
3830P2ZN,0.28396356
38N5SSZ0,0.9924065
38U89KRP,0.9638425
38VWSVFB,-0.71452427
38WZB80L,0.21124141
38YKJDV5,0.08285001
397Z7U3T,0.35096955
39NRAHLZ,0.0462356
39VQXUVG,0.05009919
3A0P5G4F,0.12378013
3A3HE13B,0.24715075
3A8RPOAE,-0.030797832
3AH1VRKT,0.9578866
3AHIFIE3,0.92938477
3AJGEVZ0,0.037813317
3AJHECDS,0.20159876
3ALFQRVZ,0.058128886
3AOYGO15,0.9512822
3B0XQV64,-0.6359198
3B1GMXGW,0.023220222
3BCKJ51Z,-0.017001946
3BJHA66J,0.17829782
3BTN8PIQ,-0.13729452
3CXB101M,1.0006351
3D3JZMCY,-0.28071147
3DMYZWUM,0.07656562
3DWNBF9Z,-0.59376043
3EGWYPHZ,0.023476098
3FA9Z1RR,-0.02185326
3FCWW0YG,0.025627289
3FIZ03LU,0.95037514
3G34FE16,0.8791443
3GKVHKEL,-0.010854404
3HES0W0G,0.98924124
3HM9KNG7,0.029093351
3IGLZWKQ,0.14766787
3J5R863P,0.1432883
3JPJXOJL,0.04114165
3K4UVZ23,0.8797747
3KCVLPAM,-0.6900436
3KKEQWRP,0.13910958
3KX8TDLQ,0.5372263
3L2QH69N,0.9669482
3LGITGLO,0.99555445
3LRM89OU,0.24502228
3LVMTOW3,0.9858848
3M3QGXDL,0.92101777
3M4WD8IS,0.04344497
3MAQ6W9G,0.98981535
3MJUC6EJ,0.0029969104
3MKNC24U,0.76543605
3MV9F8UF,0.9689047
3MZP3JD7,0.9516282
3NAPLSZW,0.98548687
3NAUC9IU,0.038981773
3NKZNO22,0.9498592
3O2HZLP9,-0.024142522
3OJ7KT7I,0.85866046
3P2JF9QJ,0.49492222
3PCDRS8W,0.6961401
3PHDXBYT,0.45705187
3PQ5JON7,0.10655446
3PTW4E3P,0.98883635
3PYDPDOA,0.9766003
3QJJLPGE,0.9924474
3QKUCQDZ,-0.03354768
3QOOO0KS,0.9749141
3QRFCVK5,0.327671
3QXG460O,0.8850097
3RAKQ80R,0.9911312
3RREAR7I,0.040480822
3SIYR3Z1,0.9937569
3SVOPWWL,0.975072
3T0ATYWM,0.08504462
3T3YD897,0.7397681
3T766MCP,0.19914801
3T8UQC00,0.8700791
3TCONTV1,0.95879346
3TIY6FFL,-0.8998566
3TJ2D4BK,0.91754943
3TLWFADF,0.320857
3TPED3SS,0.89987934
3U7BRVRC,0.9538391
3UDCHC4M,1.0008254
3UOX40K4,0.75592375
3UT9BWC1,0.08152804
3V98O6DA,0.09909234
3VVBGGZB,0.04998252
3W5DKA5N,0.96701616
3WIUNUY0,0.49249005
3WNDYPGP,0.077784434
3WQJWRNU,-0.43386793
3X1GV9VI,0.22812822
3X2OH0ZA,0.87898725
3X6HN1VI,0.15494245
3X7WM1WB,-0.9607282
3XTQU2TO,0.056149762
3XTVHQ61,-0.09082456
3XWUOD1K,0.081354834
3Y6RKQAJ,0.029109716
3YG5HF6X,0.021057446
3YIRRX90,0.28120756
3YS8BV6P,0.032110702
3Z3DIZVP,-0.0034469515
3Z6C09Q5,0.8787285
3ZLN7C8G,0.93452716
3ZMSZZ66,0.041752752
3ZUNL5R0,0.9685846
4063L3W0,-0.17281885
40O2CLZZ,0.91589814
40VHRLN4,0.63021713
419XGLTB,0.98637086
41BAZ1BQ,0.07137136
41EP44LB,-0.031283967
41QMUMSO,0.99869394
41TX1OI5,0.049199656
42VF21Z0,0.29254884
43AJ8UYV,0.97959524
441Q08X2,0.8312299
4422M8PV,0.7183061
445W0YQD,0.98601556
44JTAUV9,0.04049692
44Y1PGLA,0.97653633
45120ZOA,0.046777505
458YGIKO,0.44534343
45CMV1HJ,-0.102471635
45HRJYTM,0.37988603
45LYPA6V,0.19101635
462YRT2R,0.07311256
46EVW9WB,-0.06304716
46S20ECF,0.99598074
46VOU6BF,0.36113238
46WUVTIL,0.9905619
46XK7NNR,0.7063685
47IH54OO,0.0071579646
47MMEZVF,0.06856008
47TV2U3M,0.46416867
47UX1PNC,0.3213889
47YJ4AKS,0.8638459
47YWTXP8,-0.6994632
48G8JXR2,0.13396153
48SW79XQ,0.08205259
494G0186,-0.22583802
497TAQST,0.95082724
49HP92WK,0.98024565
49PLMGJT,0.8777308
49TLYZJ2,-0.78221524
49TU3DKG,0.018201698
4A6G1XII,0.9895013
4AGU4YNT,0.9822056
4AHAMUDH,0.9568977
4AHKERGZ,-0.017865177
4B0NH4X7,-0.9652493
4B0SSAKB,0.9857842
4B37M9II,0.23029196
4B44Y95K,0.99450904
4BEGHATM,0.27392355
4BG1L47I,0.5907184
4BHN8T1V,0.96141773
4C96Y21U,-0.08054073
4CRP4V5E,0.09580606
4CV1SQJ2,0.018380774
4CZUEN59,0.45125234
4D1GSEAM,0.11776123
4D26T5LH,0.98180723
4D5A6VDX,0.9915944
4DHYW006,0.059906293
4DYPQ2HB,1.0082079
4EJVAQYH,0.013806902
4EUZZJ2F,0.7496957
4F13AIOJ,0.8979721
4F42U8LY,0.9842502
4FKH04QG,0.06104544
4FPS891E,0.97299373
4FQ75JO9,-0.61881304
4FY2LK04,-0.007330112
4GGQYV4X,0.9431244
4GN2RS51,-0.45622617
4GN6AYSE,-0.010171466
4GQOX1ZE,0.98328316
4GWJNFZ9,0.009852555
4H9CNGBQ,-0.010495551
4HD4K5AO,0.9870453
4HGAABWC,0.0060020946
4HPKUGP1,-0.17167668
4IIKRA2J,0.44836175
4IULS4TU,0.9828012
4J8YO2I9,0.10522416
4JICWVQ0,0.9627969
4JX99A2I,-0.2504062
4LCE3WSP,0.98735774
4LDYEDB3,-0.058817536
4LHLPOTH,0.988611
4LJSHBCM,-0.575895
4LQRXBEX,0.5498088
4LZE2PY4,-0.9887384
4LZSNF0A,-0.32324052
4M2VHO90,0.791288
4MITBHDK,0.30266345
4MRUR57C,0.10326231
4N1LIRX0,0.86509746
4NCOYU8D,0.9536981
4NEYSOWW,0.14968681
4NPAAM06,0.83171076
4NQRAHF5,0.03134168
4O1PE5M7,-0.44284064
4OIEMVQE,0.42889196
4P0FTVP7,0.9877496
4PXKITD2,0.65484893
4PXR83HI,0.959507
4Q2FMMIN,0.09239985
4Q4LJWY8,-0.021714542
4Q7JL5UM,-0.8229926
4QGWJQ1J,0.9810775
4QVCR45F,-0.9759221
4RCC409U,0.14398682
4RG44OL0,0.033719312
4RP5N2P6,0.019178534
4RS287KG,0.23035145
4S1GEXDP,0.16661018
4S200YHF,0.040096153
4S2BZDTA,0.1411733
4S4ECMDY,0.9815788
4TAJHJUI,-0.0261048
4TEL5126,-0.4833066
4TG9MKXF,-0.82144004
4TY9BAOI,0.9230036
4U54K465,0.004084397
4UEO3MUA,0.97280633
4VB9KBAG,1.0068324
4VCTEXCW,0.024810664
4VERCXJG,0.09214194
4VKDGR69,0.9826508
4VKPLKQ8,-0.22592933
4VSWFM4E,-0.97193503
4W04TOWC,0.11652323
4W4PHN6S,0.40988803
4WOP7UVP,0.031280678
4WTDHD11,0.12061032
4WY0N63C,0.044903133
4X0DGD32,-0.05596245
4XA64CY4,0.09239985
4XGWN7U6,0.10995096
4XHER3GA,0.9991763
4Y38XQZK,0.096217245
4Y6DL9W9,0.9841739
4YHHD3IS,-0.0029735342
4YQVUDX9,-0.96512836
4YRJE1NA,0.6101559
4YT5YFA3,-0.7896039
4YY7B6SH,0.6860539
4Z0MXZDZ,0.9434428
4ZBMG70R,-0.1981446
4ZFC90NL,0.23646934
4ZJYIM8C,0.98876584
4ZPZ3ICI,0.02214825
502VPYK7,0.9858761
505UZYNQ,0.08744085
5071ZYCE,0.09239985
509OVIXK,0.0076475292
50K3G71G,0.97274
510PF284,-0.10288939
511C9JKQ,0.01620926
51FTZT6J,0.82881314
51Y3JICD,-0.0027492438
52CIXQ9G,-0.16815744
52H3V6OR,0.9826508
53N68KSM,0.15263337
54279XMP,0.028550029
5596RV1R,0.7297744
56OKJR5L,0.22555411
578LN2NZ,0.09406777
57J0F19B,-0.103807986
58IU8443,-0.15780772
59BNP9TI,0.7039642
59C16RRW,0.652547
59E7SRTN,0.99406135
59EFUWT3,0.9125635
59JUTA3F,1.0213509
59VGVO3L,0.9890228
5A151HHZ,0.031088542
5A6PPX8Z,-0.9495026
5A76BUFZ,0.045836933
5AVLUBOP,0.03012585
5BC4HXPA,0.975811
5BHD0EWO,0.018213008
5BNU65QR,-0.0017438754
5C2QAD15,0.9930809
5CB8YP5D,0.9841485
5CGKQP8F,0.82862264
5CH8NHHA,-0.6652694
5CIUDJFX,1.0032312
5CT2D06K,1.017896
5CVA36SF,0.83456427
5CVN7WJP,0.49952132
5CYHV21K,0.8011837
5CYKAZEY,0.3213889
5D6MKE0Q,0.98114824
5D80XCAW,0.25488037
5D9MK0Z1,1.0013376
5DRBROPZ,-0.24285378
5E5AREQ0,0.95768976
5EKMTASN,0.96898013
5EQD44KZ,-0.6825278
5F150QYF,0.0628327
5FL8JQR2,0.04661572
5FO1VXXQ,0.95430195
5FOTKVOG,-0.82418764
5FRAAHEK,0.9826508
5G3H983K,0.5068045
5G3IRHE7,0.7205805
5G9B22E2,0.98722196
5GGZH86Z,-0.64144766
5GKJ9WON,0.72751194
5GR2O2PU,-0.101027966
5GREU48K,0.22330649
5GWLEPR4,0.99084044
5H64YX1X,0.29493016
5H9EPBTT,0.018137012
5HGA706Z,0.9853733
5HICUYDK,0.98439014
5HM8AHAJ,0.9645076
5HURD6PX,-0.037365958
5HV7LBPD,0.98765117
5ILGO30M,-0.0047582462
5IR5Q7YA,0.74156326
5J0IMXVO,-0.27738374
5J1EVZF5,-0.25658637
5J304HHM,0.2582277
5JB68HP0,-0.4400679
5JF37PAN,0.8157742
5JL20ZLV,0.27369305
5JL3VWFD,0.13666295
5JP94K46,-0.7131207
5JWVI4PA,-0.0060191937
5K237QL8,-0.0485873
5KF6HSL0,0.4324566
5KJMRIZB,0.32526702
5KLNN8J8,0.98868185
5KP6WO52,0.043046083
5L0DH5OO,0.9673234
5LB2ZPWZ,0.022112949
5LP0F8H5,0.96362674
5M1EFMRF,0.025178524
5MS80OTH,0.61235625
5MSZG3HA,0.2870432
5N2C46ZC,0.061413895
5N7CQCBK,0.4671613
5ND6BU29,0.01607877
5NHMSKXD,0.01667593
5NO3GM2M,-0.22720258
5NQAXZDS,0.9430575
5OE9DNW3,0.98675126
5OHR9HF8,0.017783731
5OTV3GJ1,1.0008255
5PZ26LLV,0.17498645
5Q6ZWB30,0.98403
5QBS77O3,0.60782987
5QDEFLPC,1.0043862
5QJUW4VW,1.0123801
5QLK6FES,-0.06926891
5QLVTAAS,-0.9277618
5QP7CE3G,-0.09334267
5QT0YH5R,0.08745394
5R2GSYN3,0.9838268
5RN5UEAZ,0.9930552
5RODRX30,0.0679125
5S8CDSSP,0.3576178
5SZSOBM1,-0.44174904
5T7DUFFZ,0.11538328
5U46XCBT,0.732607
5UGH353H,0.9878289
5VCPXAK9,0.9940613
5VGY3K3E,0.95838267
5VHZJL6A,1.0017495
5VPNPDT2,-0.028004613
5VSI06MP,0.9846601
5WF23VK1,-0.036635973
5WKXAYSY,-0.06576832
5WV7PBYZ,0.021040171
5X0UMC70,0.08839312
5X4ZRGV0,0.5063653
5XFQCKMS,0.3844431
5Y3L3JCQ,0.5145232
5Y4BKJOU,-0.9062023
5Y7LFJOD,0.9332758
5YU9RLPV,-0.9586505
5YYQMULO,-0.00025976822
5ZAG12J9,0.8614665
5ZB4XDUN,0.98097754
5ZG6LRKH,0.51905084
5ZVJVLKA,0.7649027
600WI6KD,0.11779435
60EUZK9P,1.0029659
60I0UBDN,0.03885702
60TU5RRK,0.17431584
60ZFCO5J,0.7430321
61EQDN5I,1.0015836
61GE4EVI,0.6350756
61UR361W,-0.066896476
61ZVUAQM,0.2275699
623BR9X3,0.9370528
62KUXDD2,0.359219
62R8VW8R,0.9539509
636ABE39,-0.05074703
63AC9G27,0.98007494
63EPVM4C,-0.17734925
63QEO22O,0.5623407
63X02L5H,-0.006716814
63YQPGKD,0.45794886
642FUVR7,-0.8187958
645I4Z37,0.95807195
648HICVR,0.6949771
64CR3A01,0.4056409
64F5629V,0.24247901
655JARBD,0.9909953
65KM8VV5,0.51688737
65PQCQQS,0.6324689
665K8SQR,0.496386
6676YW93,0.24075069
668Q17IC,-0.8835599
669HBRIF,0.09081435
678Z8L71,0.7044472
67CC5FRM,-0.29112178
67EN32CZ,0.18913943
67KUXXDL,0.019941445
67US8I9O,0.22466643
67XIO06B,0.58168936
6898063M,-0.72667503
68K9GS5V,-0.10095796
68N0U0EM,-0.02896997
68PNXYCT,0.98369145
694WQ2WB,-0.0024311244
69GQE2RT,-0.16365494
6ADW8KVY,1.0144747
6AOZAKL5,0.9913669
6B6090CA,0.03614758
6BCKV7ZV,0.96827996
6BVMT8SY,0.9940648
6C9C00M5,-0.15547279
6CC7240Z,-0.03694503
6CE9LM9H,1.0022916
6CKKPW0G,1.0102544
6CN930HR,0.052352816
6CPATWOK,0.09083611
6D5H7QBV,0.99581444
6DB6NVMX,0.7577303
6DK7JMUK,-0.23176731
6DM7IFLL,-0.19874258
6DXIREXG,0.03329371
6E2GHT9E,0.22305818
6E98U8SY,-0.9374113
6ECKWURZ,0.10069833
6EIECVM4,0.9637195
6F3RVNCZ,0.97591794
6F85SODB,-0.79740566
6F96ZNNH,1.000511
6FAM1HN6,0.7801847
6FCUXQPO,1.0010959
6FF6BVZM,0.92229253
6FJS847G,0.99615866
6FPS6NHC,-0.9646925
6FXB4HN6,0.13145542
6G9S41P3,0.09717619
6GA40CEP,0.11510088
6GBGH7ZW,-0.011541147
6GP1VBAP,0.1430393
6H01JVU4,0.5422157
6H39U3UB,0.91206014
6H7PN876,0.5978142
6HAJCYW8,0.8564388
6HEVUMPZ,-0.18754259
6I38J7HO,0.17675461
6JHS5825,0.9232012
6JLRWENS,0.10623233
6JNCJRDI,0.9956175
6JZW0Z1E,0.9734154
6KGJGGX1,-0.033284172
6KLDVFUK,0.9623117
6KZUZ4JQ,0.96841216
6L0G87GS,0.7952365
6L1E03HH,0.3987627
6L7Q51F5,0.15799353
6LCQLNFT,0.9204759
6LDQI59U,0.99641883
6LG4YLFN,0.9648178
6LT2N0OY,0.1827864
6LWGYU58,0.39297515
6MCXOZ5P,0.303881
6MHO81WQ,1.0026265
6MPFRJ7B,0.05400698
6MU3AQLA,-0.33501804
6MX41TND,0.20961492
6N37WIBH,0.89846224
6N5SN3I3,0.22880356
6NE3IG8O,0.027022675
6NVH3IZB,0.33101708
6O45N93C,0.2988053
6O8UNF8Z,0.97647524
6O9ULVWF,-0.0017332323
6ODDG168,-0.037762523
6OLYZGJV,-0.03271601
6ONCY1A5,0.07447216
6OYGYM5P,0.3247103
6P5W1AYU,0.14834562
6PJYA8EM,0.053878143
6PYZGC96,0.93628657
6Q0A6J23,0.7018698
6Q57P2TL,-0.07834194
6QAJ1R4U,0.9989838
6QCLPYI8,0.017817836
6QX15JRK,1.0128356
6R3V9PQD,0.99303615
6R600IPP,0.9749141
6RBSTXZD,0.98893887
6RLJ09X1,-0.83009577
6RVZIBJN,0.09239985
6SG0816U,-0.55411136
6SY0TEQI,-0.27086437
6T8L3MYH,0.07579054
6TA252X0,0.0064560995
6TN1GLZH,-0.823864
6TZPOYXM,0.840232
6UCNE3PV,0.0054076873
6VRCW033,-0.095834404
6W7QJWQZ,0.7871651
6WXEJVGX,-0.95406073
6X34W7FL,0.9719299
6XUYMKVG,0.110905446
6YO1FZA8,0.7632664
6ZHHNJK4,-0.060237505
6ZIL6X87,0.078962326
6ZMH9T5G,0.66559494
6ZQB71K6,0.9399834
704IIVYF,0.9864058
70ATVDT3,0.6185646
70R5R3KF,0.030189754
70Z4A2W3,-0.049880862
711JPSTN,0.010465082
716NHZG5,0.9913442
71F0BYCB,0.060470324
71F7AUQ1,-0.043731898
71MSX8W1,0.96865076
72BU7K2P,-0.16823795
72E11HXR,0.024258792
72IZIWUD,-0.27766073
72S8W8YF,0.09147532
73IWEURC,0.878406
73O3RYHC,0.9255437
73Y9QXY0,0.26962388
742ZY0P0,0.8941015
745OQGFU,-0.94252664
74CSE0YD,0.7594828
74HWQKSP,0.49968016
74SSFCAX,-0.24426545
74YPPOM5,0.11310747
74YQDF04,0.031105265
752MSWCF,0.055324234
755G9RPO,0.6819274
75OTWLY7,0.04501108
75PLCT41,0.71856725
76GPGJSK,0.7028979
76HG854G,0.49222612
76X14U0J,0.0001566261
77J0EK1T,0.9925927
77SP0Y27,0.100408256
77U8G1GE,0.1939663
78ETQEZ2,0.86855197
78OZVY0D,-0.9270419
799UN31D,1.0054901
79QWL6EB,0.14102352
7AH9KW8K,0.8210777
7AO0569W,0.9515428
7ARUCL2Y,0.08808407
7ASLQW7Z,0.042465493
7AXOEF90,-0.70519197
7B8S05LH,0.021575812
7BRHERSG,0.057122827
7BX8IZ7F,0.0725863
7BXCGFR0,0.03920502
7C8BGAH3,0.6186931
7CCDOL4L,0.97073853
7CEV4MUP,0.14594835
7CKTODGP,0.03808584
7CRY5Q42,0.1956008
7CS1227B,0.9947129
7CS5AV0U,0.1870999
7D03BIJW,0.07111939
7D1QNHAU,0.045965664
7DF8MM90,0.97317
7DIUCWQQ,0.97660494
7DPALSKW,0.7822888
7DQES6FX,0.40958184
7DQQJ2RZ,0.38784373
7E1DN8ZD,0.05666497
7ECM6ZZG,0.066872984
7EDSGWLM,-0.47261113
7ERYQMZ3,0.9663548
7FIA39XM,-0.034445312
7FJW78CJ,0.99533904
7FPSBXAO,-0.14199717
7GHWXZVO,-0.037943818
7GMINV5J,0.030922573
7GRL2GJM,-0.023346424
7GWF846M,0.14420661
7H4RH3Y8,-0.99067163
7H617G8D,-0.009136796
7HQ8FTNB,0.86490816
7I1R315L,0.9870462
7ICYUWS7,0.15654801
7IERXLRI,0.33917212
7IH2D03G,0.8362579
7IHV8UU3,0.087537825
7IJFB31G,-0.9436327
7JDWRYUT,0.8620037
7JIWFW83,-0.028734293
7JNID755,-0.95913756
7JPPYFUV,-0.16579475
7JR3R3G6,0.07550948
7JWEIKXX,0.02996322
7K02URNZ,-0.0051680207
7K34K05M,0.2868716
7KJSQMVK,0.035239846
7KPVYMLI,0.2550984
7KT2P302,0.75483394
7L1G8G12,-0.017714728
7LD7YTWE,-0.72537696
7LHO50GN,0.0020585917
7MIL1J1J,0.121382274
7MWHB11A,0.9941755
7MYV16B7,0.5805878
7N1PHPF3,0.11490218
7N5GXX96,0.022241237
7NCI2E0N,-0.7916423
7NFESMKG,0.27580747
7NLCTPYC,-0.8701871
7O1O89XD,0.057153214
7OALPPU6,0.05077754
7OC6EMWW,-0.9270419
7OGXUX3B,0.75317276
7OKKUK20,0.9794363
7OL3JEZN,-0.93825257
7OMQ864W,0.9342709
7OQC98ZD,0.99168324
7OUVFT0M,0.050962146
7OXLSJ7A,-0.53241473
7P9CLMVB,0.82210416
7PDP3O8E,0.9461662
7PI27ZFZ,-0.8835599
7PPJ64WT,0.97729594
7PQV9XK2,0.0531122
7PV5WENV,0.8691297
7Q7HHTQJ,0.5478729
7QDFLY4P,0.9808079
7QK1TXAX,0.8010514
7QRSNDYK,0.9963701
7R59Q15A,0.9526776
7R9T9X5D,0.1755616
7REWHYX9,0.09214194
7RFB5WCB,0.030283842
7RXGWLMW,0.782018
7S55BSEW,0.12878633
7SADIL8I,-0.0063483454
7SV6FSIY,0.39378542
7SYC4TU1,1.0073432
7T9QULI1,0.32024837
7UA7KP4V,0.14795944
7UH6H7ZS,-0.009671241
7UKZ8KZ0,-0.46707433
7V10541S,1.0003817
7VAHT7W6,0.9424161
7VL7WP6G,0.9962306
7VLDBS3K,0.014239566
7VO2V70G,-0.7280148
7VVISF7N,-0.72673357
7WAW8EI8,0.9672304
7WE7US6E,-0.41273487
7WLT9ZEU,-0.98213184
7WMNVEOR,-0.008566543
7WTH0SLJ,-0.042859793
7XEILCIV,-0.002888983
7XS45JLA,0.8517173
7YLUOGEX,0.19782701
7YY4CSFQ,-0.77307534
7YZTHWML,0.18951443
7Z3PF3ZN,0.068057716
7ZI3IWWU,-0.3581276
7ZIULCAT,-0.0035910793
7ZVDKMH7,0.9946647
801JZ4H6,0.066533305
80ETNBXN,-0.074317575
80PSD5ON,-0.049590558
80PU5ZG1,1.0177301
80YDA5LI,0.19564119
8177NUAT,-0.23440199
818VJKS0,-0.9620719
81A6OOXQ,-0.7462112
81KF5YSO,-0.63440716
81KKEXEP,0.2089208
81PO84ZD,-0.0097633675
81VEHDGJ,0.76318765
81Z92EBG,0.6710593
826Z7IIB,0.98911333
82KHXPL1,0.11435394
82ORTNK6,0.9951552
82WMT3OY,0.5081425
8399FEJ1,0.03791149
83OLQV4Q,1.0056516
83TJITOA,0.018746428
83VVP2R6,0.68850726
83Y74ZNQ,-0.19968097
848UCQ7E,-0.54114103
84LR5E8O,0.98122936
84Z5QIA1,0.01305712
85XRK92R,0.9749141
862JJVX9,0.88658935
86CDJNN3,0.080656365
86HTFWZV,-0.0042187683
86LEFFE1,0.043365374
86LR2FW5,0.608352
86N1CPKU,0.79439765
86QM74C7,-0.9774023
874HDPI5,-0.1498095
879BFV5E,0.9557448
87D3FEWP,0.9090402
87LGW8NG,0.08829727
87TCDVRQ,-0.01814057
87X84WMO,0.26217264
87ZRGVJA,-0.20747952
886Q4X8P,0.95550203
88E14HM0,0.39887118
88ODFR4B,-0.43376786
8988MNAM,-0.009871632
89JYE9SP,0.22399718
89TN2CB8,-0.074589215
8A3A19KN,0.9724612
8A5P55ZQ,0.6680203
8AFJQCGA,-0.07255794
8AINBIDT,0.64493394
8AR3HVM2,0.15288784
8B5LSTZH,0.8232381
8B6GUN8X,0.949634
8B75433U,-0.97538483
8BEB1SLG,1.0003909
8BNC4QBE,0.76650685
8C1Q3WF2,0.055075295
8CL5HA2Q,-0.03760387
8CN5O66D,1.0181035
8CZEPULI,0.98190475
8DESXAOO,0.9266966
8DJVPSK1,1.0155886
8DMAKLLO,0.78267944
8E1EMG60,-0.9361075
8E8UMSI6,-0.09066322
8EAG30W9,0.8439745
8EDXD12M,1.0194348
8EJ0NFJX,0.9532787
8EN3JD0Z,0.14696953
8EQN3ANA,0.9390655
8EXPI47L,0.22971815
8F2SBMUV,-0.1821298
8FCISLN2,0.13532883
8FOYCBQU,-0.021663077
8G6AQJD3,0.9417358
8GPK17EL,0.15585968
8GQE8UH3,-0.9577934
8H1VWVGJ,0.039654735
8HGFMV3V,0.035671603
8HQKUVTM,-0.09327967
8IBLRV2T,0.9434848
8IBXNNAD,-0.00074820034
8IMLTEWC,0.9640031
8IQYXPMZ,0.03539356
8IS0T0QY,0.9701048
8JAV3DH2,0.9763501
8JYBKSQ5,0.04071076
8K67TBUW,-0.97399354
8KJ3DPOE,-0.60163444
8KSOTTAN,0.043554243
8KYANMAE,-0.03290641
8M1L6O3U,-0.3610108
8M2DOEEN,0.8228239
8M5UR6YD,0.98884076
8M8O7KQR,-0.055693157
8MH0H3JI,0.9682858
8MO3G59R,0.8001417
8NFAZRO5,0.0056927577
8NKPKY8B,0.9914184
8NTIXNC3,-0.33991778
8NY4FMGA,0.13429081
8OFMB0T4,0.16525927
8OJ58DZG,0.21670735
8P2PPX4P,0.96465755
8P4XN2TG,0.9809684
8PCYDUWS,-0.18851247
8PG6KFF0,0.98652184
8PX84BEB,0.75800276
8QWIWGUL,0.15687115
8RYIL72F,0.9834388
8S4LE3EE,-0.025326975
8S9797G5,0.98342985
8SDQX9I0,0.8419457
8TAWCDWR,-0.025130622
8TKK4238,0.6598608
8TSRG69X,0.86930925
8TT30KB6,0.50347865
8U30AIIJ,0.8782325
8U6JIR9J,0.14096628
8VOJ5KTA,-0.10874078
8VTWHXX8,0.9869651
8VZZKKAB,0.060601484
8W2Y8UAZ,0.48812425
8WGZBKRO,-0.088284336
8WSIX12O,0.06007367
8X5K5WH3,0.18340738
8XVA2R7K,0.24889226
8XX6XIC0,-0.9925755
8Y7T5KIX,0.98514307
8YCLOO9L,0.999201
8YGC2PAS,-0.9501555
8YJCOB31,0.99006534
8YMG2PX7,0.30890155
8YNHF5DF,0.99882305
8YV3AVX6,0.03872042
8YVHBGRU,-0.8663036
8ZGQ3LDT,0.950725
8ZPI5S6D,0.8879083
8ZUBU840,0.045446336
90APMOTO,0.81501937
90FWI4E9,1.0004725
90OZ0ZI9,0.0655798
913CJOCV,0.06400114
91RAH080,-0.065847956
9205NYHW,0.079446405
928TBM28,-0.26337922
92DU27AF,0.9991587
92HUY0Z9,0.7791534
92L5CQZP,0.37151843
92UQQCW6,0.036315378
932F9HC9,0.5391627
93CKUX8C,-0.9601174
93EG96MN,0.97258466
93I1R4F1,0.066353574
9444JELP,-0.49424726
945TBZHG,0.07090253
949OITTG,0.29667628
94AQWP04,0.9841351
94NX9752,-0.0021965373
94PLP12S,1.0043566
94T5711M,-0.9923307
94W1TXTT,0.9603167
94W2RXG9,0.98419285
957KVNLV,0.54820085
95VMP0PL,1.0084434
965BUG4S,0.9731199
967TC7WG,0.90028
968GUMP4,0.09895134
96DULYW3,0.9836214
96ZYC6KM,0.59107924
97VHOEFA,0.98117787
97WVSNS2,-0.27972126
985LGFEE,0.04877618
986LY7HS,-0.97587645
98C1MDK5,0.6582123
98CGFVZA,0.9513888
98ZBYP66,-0.047191978
993R739K,0.97263664
994DSL8O,0.996621
996BTOX0,-0.80953926
997MBJLJ,0.8685232
9985VXKG,0.5983453
99LQYTMU,0.06794703
9A8K4SZK,-0.92513967
9ANO48R3,0.9826506
9ARAURE8,0.3003419
9B5P2GAW,-0.028654572
9BJ05L2K,0.015381332
9CDEBZAD,0.011727989
9CK9LMD5,0.9901641
9CSABIZ2,0.26115236
9D8R8TY7,0.9626018
9DD9YE48,-0.07422959
9DQSSZVE,0.00785923
9DXTTNQL,0.9534049
9E2Z4889,0.15868957
9E3YRSDX,-0.11595555
9F4ABGTA,-0.82550055
9F8MZMSD,-0.84266406
9FJ45F9U,0.992805
9FN1R560,0.9836673
9G3EGFYT,0.6652446
9GC4XGAW,0.15615305
9GCA0E7K,0.98407626
9GI5KFGB,0.94625396
9GJLP7I9,-0.8925997
9GRDOY27,0.018707864
9H63SLJV,-0.8088832
9I2H3OGO,0.9455611
9I96BYIG,0.065648936
9IJF8KQX,0.49963462
9J8MMBEM,0.19384131
9JCCMIUG,0.5021647
9JCCUXD9,0.9868605
9JKFUJT2,0.07196754
9K01CP3U,0.9451448
9K1HAXBD,0.5496504
9KKPMXBC,0.97994727
9KNPYH0E,-0.9653349
9KUPVLHL,0.91815126
9L10IDU9,0.14973718
9L2257E9,0.6428293
9L3X9AZN,0.872361
9LEEPXXK,-0.026059512
9LLI0KLX,0.9624757
9LRXEPFR,0.9898072
9MGWTS9K,0.9872891
9MIO2IM8,0.95526516
9N0ZGB8H,0.107628316
9N3AP91L,0.9801376
9N8T6YIP,-0.012438215
9O03XN7B,1.0023905
9O20NRBE,0.12346169
9OBCKNZD,-0.1342738
9OGY96KW,0.044783972
9P4EE87G,-0.84445715
9PWM3K9I,0.9322514
9QZ73X5E,0.97290397
9R1CMOL8,-0.84577084
9R9RCPQO,-0.39054716
9RB238UN,-0.20882459
9RFDBHRG,-0.82588834
9RLNEHCN,0.9904763
9RLYHFPD,0.3664052
9RXUMO4Q,0.98043746
9S1MBEJ7,0.99400544
9S3XBBJN,0.96639204
9SOQ2CVS,0.02431088
9SUJLCE3,0.9031469
9SX0N1WW,0.009079892
9SXPFWFZ,0.058892556
9TK485TB,0.72988737
9U0LB4QN,0.9927256
9UA6FG4J,0.9327622
9UFK7R5C,0.022612058
9UH50PQ7,0.30674434
9UTWJUII,0.78117514
9V2JGLY6,0.016801232
9V6FC281,0.99012285
9VER7RXS,0.06848531
9VF7GEHB,0.7819171
9VGLOX4S,0.91313314
9VLSF1OU,0.9856137
9VTMWFB8,-0.015249353
9VV52D51,0.39699656
9W7M2BLE,0.42822778
9W9VCUDO,1.0008326
9WEXCGXF,0.49596345
9WH6YJKT,0.87931424
9WYEGOF2,0.099258274
9WZMBX6E,0.032331415
9X1OV59S,0.06870215
9X2HI503,0.1849954
9X4NXINR,0.08376186
9XZGLQ0C,-0.0062523372
9YET3X46,0.017162599
9YGIG1LO,0.06514558
9YH82G7B,0.34868038
9YMLBEJN,0.96154666
9YOG1X7Z,0.03857878
9ZCUSSZ7,0.9935553
9ZU2WMSI,0.1707212
9ZWO3958,0.85025585
A01THK86,0.010138966
A0JAN1J2,0.040864043
A0O99UMP,-0.008071482
A1BRFW0T,0.2518243
A1J3AV3T,0.1133855
A1OE79R6,0.99274063
A1UVZKUO,-0.019495163
A1Y6PAS5,0.37095368
A1Y8HKPV,0.010996789
A26UQGVG,0.27873802
A2CYVHWQ,-0.016560946
A2FD3MKE,0.033681676
A2W881PS,0.9802395
A351A9ON,0.10840015
A3JVLCT3,-0.7221215
A3P27I8F,0.028301021
A3VB3JNJ,0.021609783
A4BV6A09,-0.098254845
A4CXFX3O,0.9880946
A4D5GMJ5,0.74399376
A4R1XDRZ,0.7428989
A4VKFIPM,-0.96696496
A4WIG4JU,0.9399745
A4WNLRQQ,0.82279783
A5WD20W7,-0.9692583
A61C9LA8,0.0048481524
A6GCRK4T,0.019096002
A6GJBSG4,0.96980166
A6GNI798,-0.75016105
A6JG10KP,0.5401676
A79NQIR8,-0.98355913
A7AG9GPA,-0.021101303
A7DYEIMY,-1.0035478
A7HNHQG5,0.15063867
A7LSKLFE,1.0156549
A7ROOHBQ,0.073051475
A856A547,0.99701667
A8FCWRLZ,0.07702632
A8HF35LI,0.9242182
A8SUU46V,-0.09669247
A8UPEQKV,0.9046298
A96A85KL,-0.010659084
A9FG28PF,0.099236436
A9O58406,0.1844826
AA225E8R,-0.0022001415
AAE1KYTZ,0.55665183
AAKHTLUT,-0.0958037
AAU6YOLV,-0.023143277
AAXQR5EC,0.99960154
AB3AF2BN,-0.9700578
AB7TCD8A,-0.048722796
ABA7VRC8,0.7004446
ABFZ2G4G,0.6320306
ABJFNT4D,0.5627398
ABMZNI4Z,-0.011078909
ABS16S8U,1.0077028
AC1CTJLU,-0.30328685
ACA8WQK1,-0.0048042946
ACCG757S,0.7645306
ACJK6O1A,0.62529165
ACRUL2M4,1.0066609
ACXSGFH9,0.05681587
ADJ7G4S6,-0.016343858
AEE8B0EF,0.074262656
AEJH29YV,0.035775486
AFDTSVAC,0.15749691
AFDXLFLX,0.025471844
AFG0ICN1,-0.025940761
AFVFGB3U,-0.9149385
AFYZHKGG,0.9793713
AGAGWCXW,0.046054658
AH4GNBB2,0.8226134
AHRU4NRE,0.06594736
AHVETN20,0.0069474354
AHYXWEB1,0.41361767
AI7Q9DOV,-0.004765898
AIFQG7ME,0.99008626
AIS9P9TF,0.6999581
AJ1BWJMD,0.989783
AJ3KT4OB,0.1021457
AJDC9IHE,0.9532027
AJMQGJG5,-0.8342994
AJSIX3OG,-0.00692207
AKCDEWI1,0.32893538
AKF3U4PT,0.077593304
AKF7N1ZG,-0.01559636
AKM0JXQJ,0.98927194
AKP12BK1,0.8304671
AKVZKHDM,-0.13531156
AKX9G722,-0.9691995
ALBBDSKS,0.96755815
ALMQXHMI,0.25604048
ALQ2CX74,0.05649848
AM1RKYD5,0.111128904
AM7991TA,-0.002782736
AMAO5UCR,0.0108647905
AMII85FU,0.022155862
AMS2BN3Z,0.9599386
ANPENEJS,0.011541659
AO0L7112,-0.1824325
AO1D3OTO,0.02866586
AO65W7J5,0.071781985
AODPPJVU,0.30937743
AOJ79UYR,0.97110856
AOUK38RQ,0.17481327
AOXLW85Y,-0.32688856
AOZQBGYG,0.5551928
AP6MZ5K2,0.019268874
APLP0N8O,0.91674906
APVZSX0D,-0.97749686
APYJUYV2,1.0111232
AQ2HOF1A,0.9702888
AQ4SBH24,0.22417696
AQGVYQQO,0.9982624
AQKBUB9S,0.050783724
AQKDC9JN,0.96017027
AQMA0O5I,0.55956584
AS0VNA0Z,-0.02787178
AS0ZJVUN,0.95172954
AS2MCT73,-0.061192304
ASKRDW4O,0.041118145
ASL3TUFK,0.05448851
ASU92FHG,0.94358677
AU3LAENJ,0.09484698
AU66ZLE6,0.96819293
AUF0PJ7A,-0.08380346
AUT8Y06K,0.065090105
AV00VR3P,0.98732793
AVMG5GVA,0.67662734
AWOJBWX2,0.5698582
AWTCWGY8,0.48211074
AWUMBL0M,1.0065769
AWVZ2JYM,0.98231524
AX0U19VK,0.9826402
AX8ME48C,-0.0023565441
AXF90AID,0.9670525
AXJGM78S,0.9970049
AXQTRQ29,-0.46707433
AXZVRFMS,0.88533986
AY0QTNDH,0.021082386
AZ1DNAKC,0.9838356
AZ3PGG38,0.65620995
AZ3WAY0O,0.0494914
AZ5JOXT9,0.1983769
AZS5WZQL,-0.41955262
AZX4VHK0,-0.11534028
AZXRLNKW,-0.0719944
B0UUYUG9,0.08711827
B0Y0UJUE,0.9755221
B18C1OAN,0.021218944
B1NDOK02,0.32440716
B1R8RHD0,0.055104267
B1T48VH7,0.031885475
B1TARAX1,0.009709332
B20B0DVF,0.9321281
B22XSBKV,0.092611596
B266NXRN,0.029842984
B28UJAB6,-0.032000113
B2MLB5EW,0.38192457
B2NGHBYT,-0.9449439
B2RH3KPF,0.9940738
B2THWXWH,0.97524023
B2UI8S0S,0.3901099
B2VR8KJV,0.07541855
B2Y5XNT7,0.98057693
B38X3QBL,0.9678816
B3N439YR,0.050226428
B4BHQR2T,-0.92780006
B4C90463,0.9652939
B4ECIEOG,0.91011715
B4HN47MW,0.9735311
B51G85HB,0.81421685
B541HJWH,1.001001
B5LXPH0Q,-0.9751067
B6K2QNBG,-0.020821337
B6SXNFO4,0.94838333
B73XO1R6,0.18635315
B7DKF1P4,0.061241236
B7MFHNMX,-0.9562271
B7OFCW93,-0.9102074
B80TQWEA,0.15544915
B84YGB99,-0.33690166
B8BOJ18V,0.62709004
B8FRS34E,-0.036514096
B8HJFO15,0.97110856
B8HY1QIM,1.0089809
B8N7FMAU,0.8207676
B8NBPCYH,0.9203611
B8RO9YVF,0.8822609
B9EQMC23,-0.033109106
B9OBPI5N,0.0111773275
B9SWSICT,0.019877713
B9W1YCWS,0.034869447
B9ZVGIVO,0.07987815
BA623SNR,0.9802844
BAEHAWOI,-0.0037993975
BATJG692,0.011388633
BB2Y3CU6,0.8603397
BBAPY3MW,-0.85249996
BBEIR14H,-0.43689477
BBOBGZU9,0.9533848
BBQAGMA2,0.10630745
BBQYW2X7,0.9701888
BC6ALK75,0.06997317
BCGRAP58,1.0159506
BCJ4KT7J,0.9469604
BCMY9CFO,0.4388575
BCQIGSNY,0.13280141
BE9HOR69,0.69779813
BEFE3ENT,0.04009641
BEHPEM2R,-0.061730392
BEK114YK,-0.1346383
BFI3PR7C,0.8701521
BFRSGQDC,0.9702681
BFWOXHUY,0.98978883
BFZSB1WV,0.07268389
BG0XXQ1R,-0.872252
BG29DYY4,0.08398059
BG5PLGWP,0.1356818
BGAJ3N20,0.9752514
BH2HIVPU,0.5639775
BH7Z5ZQE,-0.004240848
BHBDZGXO,-0.63557315
BHFGZH0Q,0.98348486
BHJNV5EG,0.16951828
BHMSNM2O,-0.7826294
BHTGC09S,-0.046867482
BI3TFZFK,0.800608
BI7BYIJ2,0.96411973
BI8FIRW5,0.19196846
BIIBVVNN,0.2348661
BIS3W4DL,-0.32794517
BIX4TIQQ,0.030003197
BJPMNVOB,-0.04818196
BK5PSPCO,-0.081422195
BKKGH67U,-0.011648398
BL2DPQMW,0.12511514
BL3UFMYP,0.5192164
BL53O9GH,0.9900619
BLVUITP3,0.13320816
BLZLWGQN,0.9944751
BM4F5RXE,0.9827716
BM7S56G2,-0.17318632
BMKIUK8B,-0.040986538
BNHVALIW,0.99080324
BNKWV62L,0.8740461
BNSFZRGP,0.95273775
BNV0XQBC,-0.07183468
BO1FFB1X,-0.07316702
BOVQRWJR,0.44762123
BOY9FRA1,1.0198984
BPGDAEFC,0.26895666
BPROQZF7,0.99754274
BPUK2JX3,1.0003841
BQIPQVDA,-0.11963509
BQQMS83D,-0.29562747
BRAKZ2MT,0.9692759
BRWBHK7H,0.30988836
BRY9VDTD,0.08928971
BS6J6LNI,0.60902697
BS75RPNP,0.052798055
BS92PAO3,0.9640486
BSVJ74OX,0.78993356
BTCMF1Q4,0.12702727
BTRBDKH9,0.96705157
BTUC4GWY,0.12216153
BUPU45CZ,0.036605753
BUXCVL48,0.25134176
BV6W74YS,0.06492974
BVOXIBWE,-0.09081029
BVPREKSM,-0.9454785
BVSWDWCQ,0.56312793
BW2YTU0O,-0.9692807
BW7WOVF5,0.018973276
BWSZJ69S,0.2731647
BXC5CDRH,0.07011283
BXES6ZDS,-0.01676961
BXETQIQ5,0.9749141
BXTTCYJY,0.9675877
BY09OFAE,-0.94078565
BY4MQFZX,-0.83225507
BY9MOLBQ,-0.08419033
BYJ4549Z,0.9660457
BYJKDKSL,0.96658415
BZHNUFYK,0.091400914
BZVKZJ7J,-0.61020887
BZWE6QA5,-0.9746493
BZYOH81J,0.9640118
C01SWA8D,0.08201003
C0398QFC,-0.9283864
C03IS4OH,0.038352013
C05JARIF,0.06363471
C08B90U2,0.9680309
C0CKVJ52,-0.2600922
C0SEYF71,0.013756423
C0WWNCHC,0.15944988
C1IRHN1R,0.77047193
C1ZE9FXC,-0.7197194
C228FU8B,0.97189724
C299NP1T,-0.08784886
C2Z16BRR,-0.9201677
C30IZ1V5,0.9672697
C3HGPXKK,0.38947695
C46QVSLX,0.66841304
C47U650I,0.048279975
C4FPTUH2,-0.9603741
C4PULPEC,0.8761863
C4QK9T60,0.9870513
C4V3W9YI,0.9829473
C4YDHEIY,0.0036424305
C61TBMN3,0.23841926
C6BJDK5G,0.2826922
C6NVP1RT,0.01380903
C6SA3BCX,0.5059531
C6T39T8I,0.19609265
C6ZKTL59,0.73849267
C75UTNFG,0.97630996
C7I42WHW,0.8670515
C7JD348H,0.027756102
C7QDJKZK,0.07852471
C81ERMX4,-0.036670886
C83HP3HO,0.6005147
C859X85T,0.49833995
C85DF71N,0.98558074
C878LNUP,0.7072718
C89PDYBC,0.3571872
C8BCDYX1,0.44969368
C8CS96CG,0.22663948
C8SBGC5E,0.636822
C95M8Z5Q,0.08754019
C97HLZIO,0.72568256
C9QNPEYU,0.672517
CAJA5U9J,0.9545977
CAWLUUBJ,-0.10494298
CB54ZSK3,0.960265
CB5EP8JO,-0.34455895
CBLTKAXX,0.8158712
CBVABJ60,0.007610241
CC6ZIK7L,0.8232267
CCLEFVNU,0.978843
CCTYPL5Q,-0.4763428
CD03OHC8,-0.7245232
CDQOKR51,0.97974014
CDSE2298,0.8803764
CE2IR07V,1.0079677
CE9B49IR,-0.77767104
CEAN8JYY,0.997405
CEBWWV7Z,-0.006173771
CEKV0V78,0.97402006
CEO2FJ0E,-0.3013398
CEU51A75,0.08357122
CFC02V0Z,-0.012913208
CFE3PL2M,0.41374344
CFG14M4Z,-0.645396
CFYQZK9L,0.9827489
CG1RJNOZ,-0.9383737
CG2L4BF6,-0.102863446
CG2W9W41,0.6810413
CG2ZQH5L,0.87560606
CG3I06NC,0.9824921
CGHIGUZT,-0.3394689
CGK1HOPH,0.9607105
CGLNSFMT,0.068287015
CGNE5NM9,0.13653173
CGQQ29H9,0.97611475
CGU3MEYG,0.07241398
CGX8H4SM,0.8676879
CHDBU27V,-0.010854404
CHLBMU0S,0.065200984
CHPXG1UM,0.5709642
CHZ6O7ML,-0.027853336
CI6IRUOW,-0.8482647
CIHBEWPL,0.3149374
CIM6V18E,-0.4732213
CJB6SN1Q,0.9800862
CJQTGLVU,0.96008486
CK8ZGQI9,0.15405042
CLBSJ4OE,0.9932675
CLI1H3O8,-0.009775907
CLSMLIEG,0.0056977104
CM8NXDKA,0.44574827
CMKDBYOA,0.028069625
CMT75TYY,0.08416358
CN604536,0.11302376
CNCGM7L4,0.949243
CNR7Z4A0,0.15149221
CNS80WN3,0.92193913
CNUTL8US,0.9740462
CO7TZAMT,1.0242279
COC0A5DD,0.99502456
COCGHLJI,0.042905897
COOM4K1B,0.9826564
COP7ZRGJ,-0.95225453
COPTF75L,0.111104086
COWJYMLI,0.991059
CP30X5EN,-0.11797123
CP3CBGRE,0.023919309
CPCXDMH6,0.044039562
CPECDIRZ,0.023453204
CPJLSDF7,-0.029979099
CPNU3KGI,0.99524003
CPXRKN8I,0.9976506
CQETRMTW,0.7594283
CQLTOY0T,0.9537172
CQN6GIV3,-0.13777056
CQQTU623,0.023663245
CRKN2TE1,0.07158139
CRNT4SEU,0.8812942
CS16VLIO,0.92318517
CS8V7JNY,-0.86850595
CSEJ5GDI,0.025600813
CSSAD6N2,-0.023410328
CSVNGUAV,-0.30078173
CT2PJ7IX,0.015755974
CTAV82DS,0.40154344
CUEB0S01,-0.020328332
CUOZI0BW,0.69594073
CV38Y0GF,0.004687015
CV6WSQKG,-0.9788815
CVL628K5,0.164364
CVSK6Z4A,0.03882659
CW00JMBN,0.85488033
CW79VH9K,0.7581235
CWD1ADPD,1.0143375
CX3Z88B2,0.99616313
CXGKK8CA,0.9921135
CXTW3ORK,0.86786664
CYEC7EV7,0.06628315
CYL7ZGIW,0.109916836
CYN6ZAP9,0.01339774
CYY97ALW,0.9339713
CZEDQ5N5,-0.9722865
CZGWUKUO,-0.011205282
CZL870RI,0.628691
CZP0YJ1Z,-0.18975428
CZRDZAJY,0.988195
D036Q4KF,-0.95459193
D03SMBZL,0.9950385
D07CD0BB,0.10158917
D1D2JH3Z,-0.3306328
D1ILXHV7,0.051654685
D1V4W5RK,0.9173949
D20L6DYX,-0.050378077
D2EDAPT9,0.02629382
D2L5KZ04,0.105787516
D37BQQ54,-0.24308051
D3Q07LQV,-0.41140592
D3T62AP2,0.06956007
D40TZFC6,-0.938988
D44ZA7NR,0.9838368
D46AO2FG,-0.035703853
D4DQY8ZB,-0.021383703
D4E3WO5T,-0.9904939
D4SDHXXI,0.09242556
D51V4NB1,0.79346645
D53JRGXW,0.048475783
D586K4FG,-0.27145386
D664EG48,-0.89996177
D6F5JHT8,-0.83751404
D6K7OL14,0.027260914
D7412ZZP,0.26519874
D76BUGUP,0.9765127
D76LRBCW,-0.029291045
D76TV41L,0.98154974
D79QE2JB,0.02018948
D7ORJK94,0.008411754
D7XGTL3V,0.022643154
D83WTNOH,0.96478623
D8HQ4I35,0.9907339
D984JALI,0.94880676
D9DHA76D,-0.11710125
D9EN2KAQ,0.9920792
D9PGX44X,0.95461845
D9SZ8RJN,-0.061152942
D9UQTS1H,0.90039724
D9ZRROQA,0.13987362
DA2OR4SI,0.05362909
DA7YDV36,0.1593093
DAA38SNS,0.9809528
DAFOY58P,0.971443
DAUZY6MI,-0.039970748
DBD2QNQB,0.08075963
DBZYXYHR,-0.749415
DCBXUUBT,0.96876156
DCLFJE6H,0.0094630495
DCW8DFB5,0.95059496
DD2MIHK3,0.9751213
DD3VNKCA,0.9982921
DDJVXXZ9,-0.99351406
DDOY32KL,0.067738324
DDXS8F4T,-0.8012492
DEC73HX3,0.1122377
DEGLGPQ9,1.0000563
DF4UPA12,0.048280366
DFGE9CSJ,0.17908388
DH6GOI1S,-0.23952861
DHAMZJ58,-0.7499651
DHGHBTUT,0.9837303
DI1S6UP4,0.86582047
DI4W2R6F,0.47790867
DI7DIWYM,0.98481584
DI971IR9,0.9970002
DIB39UCV,0.046777505
DIJBW3YH,-0.10419327
DJ289Y93,0.95761
DJL5M5FD,-0.079716116
DK3SVI9B,0.9849199
DK4HURHV,-0.0026801694
DKBOGA2T,0.076025374
DKHBFQWE,0.07165429
DKWSJ3UQ,-0.8890683
DLC6SSQS,0.048079945
DLC87KV4,0.79654795
DLIB10ET,0.080518186
DLPO4GWH,0.890874
DLV43QPK,0.023508469
DME0EB36,0.6047406
DMIG8029,0.9729823
DMOBMASL,-0.27353626
DMTTUP4M,0.012160006
DN0G6M3Z,0.9598541
DN7SKDBZ,0.98558015
DNXYC0BR,0.17834845
DO4Y9TFM,0.17508978
DOQKE1LH,-0.27129316
DP82H0HV,-0.44420785
DPAG0AJV,-0.9708202
DPET06HG,0.11643981
DPTBVVF7,0.20272455
DQ02CPJD,-0.37419015
DQNEQSBA,-0.8499488
DQSISV4J,-0.50998473
DQSS7PB7,0.01403442
DR63XM8U,-0.38705915
DRNROE5W,0.95991
DRZ6EFI6,0.7868991
DS626OGN,0.98347586
DSFKAPIQ,-0.7574628
DSYOEX4Z,0.94155276
DTEZHTSH,0.21932453
DTKHQC05,0.94878584
DTNYR613,0.028697958
DTST1JDY,0.99696714
DUFY5FJH,0.53132886
DUHG09Q6,0.065473646
DUKJ2WWZ,0.98187006
DUSKXOAZ,1.0020306
DUT464DK,-0.0005778633
DUU37K0X,0.12055347
DUUKTILA,0.0040707905
DVAVFME1,0.06645268
DVC46J8F,0.07547916
DVVX18W0,0.072285205
DW6ILXAA,0.96861285
DWDOL54I,-0.010854404
DWHUSMJN,0.71894515
DWMT3CWK,0.81300235
DWPYUSLL,0.22139408
DWVOM3EP,0.79687977
DX0DL83P,0.9826506
DXWPSQY5,0.77401936
DYA9XE9T,-0.038700804
DYDLEAK2,0.05918435
DYEJV9D9,-0.14458077
DYHMM8FE,-0.07019266
DYIY51F6,0.94682205
DZ4FZD1Z,0.055050325
DZ4GAUDJ,-0.5949797
DZHTUWX0,0.02424947
E0GRUEO2,0
E0JU5WEF,0
E1DH0BH8,0
E1MTNO8G,0
E1NIH2LT,0
E1NS5U65,0
E1PHGLFI,0
E1SCV5V1,0
E1YABLYT,0
E2PWEFCJ,0
E2TY8O08,0
E307WQ6B,0
E3SP6CT7,0
E3UWMUUA,0
E4DTIBCY,0
E4GDOHUD,0
E4SI7BSC,0
E55BTB44,0
E55CZND3,0
E59PQHRC,0
E5ABZE2B,0
E5ILG5M2,0
E6A5F2EK,0
E6Z0DZCK,0
E7ERXLBH,0
E7XTMSXK,0
E8573DV7,0
E9A16MYK,0
E9XF8SU9,0
EAJ0YICR,0
EAZ32RDK,0
EB2E4NZ7,0
EB7ML9LB,0
EB8TMR0U,0
EBLPGCZ9,0
EBMQ2LOT,0
EBUPSKA3,0
EC0U5QZF,0
EC2CRX49,0
EC4A3BG1,0
EC7WEP94,0
ECCQ54GQ,0
ECHA4DJ9,0
ECJ6PISV,0
ECTC5AEJ,0
EDKVKXAU,0
EDRLD6I2,0
EDTKWEY4,0
EDTNZ12K,0
EDZT4DV5,0
EE4Z5185,0
EE6T837H,0
EETTZK0I,0
EFGF2V8G,0
EFRL5MU0,0
EG07X27E,0
EG8YEXTU,0
EGG8Z0TG,0
EGYGGA7T,0
EH392MU9,0
EHXAVMB6,0
EIEQVZ5X,0
EIYBAX9R,0
EJ7LG2VC,0
EJJN2WY2,0
EJMKIEKR,0
EJPFCNN3,0
EJSRIWPZ,0
EJY05XPG,0
EK10PB25,0
EK3ALMAI,0
EK5Y7ELJ,0
EK6LT2QV,0
EK9K56OZ,0
EKVBZI1L,0
EL0LIWOV,0
ELQHY633,0
ELRNDWX3,0
ELUI7TBO,0
EMFYSXPN,0
EMSUYELM,0
EN97JFDC,0
ENEGCBS8,0
ENQSOLE5,0
EO8PR7CZ,0
EOADLUYB,0
EOK9VW8H,0
EOZ4UBNV,0
EP15TLRW,0
EPP7CHV5,0
EPUTD59E,0
EQ3WHHVY,0
EQ4FJ4S2,0
EQBE4DGR,0
EQJ0QRIY,0
EQKQVXLA,0
EQT2836T,0
ER3DZ12N,0
ER51M3PN,0
ER6P0JZZ,0
ERCN64RK,0
ERQNXY1N,0
ES88F6IJ,0
ES9XN5GU,0
ESCK4EI4,0
ESMS5INL,0
ESYMLARB,0
ESYRPAFY,0
ETBLRBUS,0
ETD4F6R5,0
ETJ9VH9U,0
ETM5U0YR,0
ETNVAIC9,0
ETR43VX1,0
ETSMAJ3D,0
ETYBQ3S6,0
EUALANQB,0
EV8ZRA0W,0
EVBQO10J,0
EVFBMPB0,0
EVV9PD81,0
EW6KEC7D,0
EW95LOMC,0
EWVD0JGN,0
EX1ATQGB,0
EX4PXYK5,0
EYF1LF6J,0
EYSQ87Z4,0
EZ7RJD6Q,0
EZA15KZA,0
EZEZD6VL,0
EZHW19KP,0
EZK6AZSX,0
EZM21OLT,0
EZYT6Z41,0
EZYZ41YK,0
F09RA1XW,0
F0EL5UOQ,0
F0P0ZO66,0
F0TINEDO,0
F13OBIMF,0
F19UZ54J,0
F1LZEK58,0
F1O8HIW3,0
F1SRAJ95,0
F1THQUUF,0
F2443EYO,0
F247M7IA,0
F290INY4,0
F2M5796C,0
F2ZT0NJJ,0
F398M2P5,0
F3O79UGT,0
F3RWM7KO,0
F4AG7ASC,0
F4WUTYVR,0
F52R3JTH,0
F55KJ8Y2,0
F58FHZDS,0
F5E0L6R0,0
F5I5PCTC,0
F5K3ELGG,0
F5LK0C8Q,0
F66TKG4Q,0
F6BQM770,0
F6IK14CZ,0
F6O58XB4,0
F7REVCDV,0
F7ZOOMGR,0
F856TTAP,0
F8BCNW2B,0
F8CLZLY1,0
F8DTCWIP,0
F8FXEB46,0
F8X28O0B,0
F8Z3GIS4,0
F99NH30T,0
F9DXZUW0,0
F9KMLDNX,0
F9N9OQH7,0
F9QGHTNK,0
F9RBVN00,0
F9YI608K,0
FAQO029H,0
FB2TECGY,0
FBITB56E,0
FBXF0T0V,0
FBYECAVJ,0
FCU3MU6U,0
FCU9W7QZ,0
FDKCHZZL,0
FDW0FG2V,0
FEGUJDYQ,0
FEPNYBAX,0
FF786H6G,0
FFC7G9SA,0
FFQE0W9O,0
FFYYMCYY,0
FG5WYZQX,0
FG9OCRSM,0
FGEAI0B3,0
FGPRRQCP,0
FGQZ2D8Y,0
FGV1I892,0
FH0D5KVN,0
FHMQ4JWF,0
FHWDS5OA,0
FINK57PD,0
FJ1E6X4G,0
FJVMJZNI,0
FJWP431B,0
FK15FK6W,0
FKAZUL8E,0
FKEZ984A,0
FL5RPMJK,0
FLZ9EUHU,0
FMBEPMM0,0
FMD7DOFT,0
FMH9VA3C,0
FN1AO5AX,0
FNKFFOI2,0
FNTGTN8M,0
FNTKAQPG,0
FNTZNR31,0
FNWHWUDD,0
FOC8CRDA,0
FOMQX94Z,0
FOVT57F5,0
FP45BPZH,0
FP77BWTK,0
FPA6PKHR,0
FPAMRTWD,0
FPSW9743,0
FPU57H4J,0
FPZWRFKK,0
FQ1IF5C2,0
FQ4EG3UT,0
FQ6TB98P,0
FQ8XN6IE,0
FQXVL76X,0
FQZ0H6NF,0
FRCCDP6J,0
FSCJTCPI,0
FTM485HD,0
FTWTSIZG,0
FTWVVBT4,0
FUBVTNR1,0
FUHRHS9B,0
FUIIBUX8,0
FUMY68LM,0
FUOJSDLS,0
FURS74ET,0
FUVYENHS,0
FVSR692G,0
FVVMKAI4,0
FW0ZE3CA,0
FW9CVKXU,0
FWCZF04P,0
FWN9G3WT,0
FX33OB5K,0
FX46MH19,0
FXIAG3SS,0
FXKYV1GM,0
FXYJCYL8,0
FXZKS9O0,0
FY1Z5Q1V,0
FY5FJAJF,0
FYY5PVTA,0
FYYML25S,0
FZDXZ7SY,0
FZLDUOMO,0
FZRVTVKJ,0
FZZGGCR5,0
G013ZVRW,0
G0PKCNBK,0
G0VSFANS,0
G179TUSN,0
G1AASNXN,0
G1CMH2X4,0
G1H1D0FX,0
G1KOL097,0
G1WX4DDO,0
G24TL61D,0
G2BXV6E4,0
G36RYIZ1,0
G39FXY36,0
G3OHQC7L,0
G3PAD3UM,0
G3PTYEJO,0
G41A2SAK,0
G4BZPMZ9,0
G4H2OCL9,0
G4LMG2NE,0
G4TYO7UB,0
G4Y62JH9,0
G56C48CO,0
G59UVF28,0
G5JTAYGK,0
G5KHXBQT,0
G671MMNA,0
G69CE0H9,0
G6JAARAO,0
G70TGOWL,0
G713TUY8,0
G7AFBJO4,0
G7FZRQAI,0
G7OTFLDC,0
G7VBAZVJ,0
G8FYBCA7,0
G8OCU2CO,0
G8OEVWRQ,0
G8W5DTGM,0
G8ZSRIVK,0
G91NJ2CZ,0
G927MPBE,0
G95JLPJ8,0
G9DQ8SJU,0
G9M790IW,0
GA2GUHTJ,0
GADCQV3T,0
GAL35EAR,0
GANYR94E,0
GB9MF9CH,0
GBDRLD55,0
GBJOBXQW,0
GBXXQ98B,0
GCEL7H63,0
GCHBUGD5,0
GCMYGIQT,0
GCVK6O6E,0
GD4QCOU8,0
GDDFV6J7,0
GDFUIONE,0
GDUTYNOU,0
GDZ5UPY7,0
GE3XVL73,0
GE7HW6SA,0
GEJ26BYT,0
GEKJTZSX,0
GF729D8F,0
GF7TILYS,0
GFC3HRE5,0
GFIQ0R6L,0
GG0IB63H,0
GG44GMHZ,0
GGEKAXY8,0
GGFOGCD1,0
GHHTP54D,0
GHIE2PE9,0
GHSD8X13,0
GHW2LSNN,0
GHWXJOA0,0
GI1QUFGF,0
GI3BVULR,0
GI6BF37V,0
GI9CIVYY,0
GIH2SICH,0
GJE6ERJE,0
GJU35JC1,0
GK46QE7C,0
GK8MCP80,0
GK9T3AXE,0
GKR5SWMA,0
GKSOI479,0
GLNFU9N2,0
GLPHQDMD,0
GLUGWIYL,0
GLWKBB85,0
GMH4MNYU,0
GMWRCU8I,0
GN1S77F5,0
GNBOTC23,0
GNEDBTOC,0
GNKAMOII,0
GNL5WQ3Y,0
GNTC4VIQ,0
GOWT03XT,0
GP7EFTB5,0
GPCNBN4T,0
GPD5JYP8,0
GPG154ZL,0
GPGIC4YN,0
GPGVW8KX,0
GPOBN9LP,0
GPSKQWIU,0
GQ89V5C3,0
GQM8QQPZ,0
GQSCROVZ,0
GR37IZFA,0
GRKU0LYL,0
GRLDRFSU,0
GRQUOUPF,0
GRRE7UVA,0
GS6DKKP5,0
GSCEW1Q8,0
GSD2H69B,0
GSEV4CEM,0
GSEZPBNE,0
GSKIFGSL,0
GSTU11AI,0
GT1OC86M,0
GT7E75OA,0
GTER9LM9,0
GTTJWA2Q,0
GU08J8U6,0
GU5XUIME,0
GUDEHB95,0
GULVEZ1F,0
GV4J6077,0
GVDKFNN8,0
GVDNNXIR,0
GVLWW7ZB,0
GVSMHIGI,0
GWRH6FD9,0
GX228KF5,0
GX9SNE69,0
GXA7A3ZI,0
GXEMGP0F,0
GXLUS15C,0
GXRCDC7Z,0
GXSDPM2J,0
GXVIQ8CU,0
GZ2AC4L2,0
GZ5H5DPX,0
GZUEIOWV,0
GZWH0IHL,0
H0LGVE5C,0
H0UHL0KP,0
H0VUUY2P,0
H1DUERSG,0.06935659
H1R4XS71,0.9651846
H25E3G9P,-0.09824669
H2ACXEEW,-0.0068474635
H2KFHID9,0.17921637
H2MA7A1N,1.0005674
H2MLQQ7U,0.32001406
H2MZD27F,0.1985049
H2N1VTT9,-0.08058899
H2N9C7II,0.8194304
H2TRLWLH,0.864113
H3DHHEDJ,0.98783654
H3G2GEJF,-0.9170955
H3U22LBP,0.6113706
H3WE0UZ5,0.120461866
H45HFST6,-0.48463947
H4B3W6EV,0.04438962
H4I279KO,0.9983381
H4V8RIVH,0.93786794
H4XDALHJ,0.037141934
H4Y829R9,0.55799955
H4YU15YE,0.14203526
H51K0IG4,0.8070728
H583DDM1,0.8055906
H5RRV6TJ,0.9960125
H5X2VSDP,0.05535647
H60VPS5R,0.6268085
H6BPUADP,0.51071095
H6CEA38V,0.99289554
H6GNXZL3,-0.07540788
H6PCIWOF,0.9345364
H6YAAY0L,0.64327854
H7AI7RWE,1.005235
H86MTFLL,0.9530067
H8MF1LXL,-0.018191654
H8PNUPOA,0.98085
H967JB3T,-0.06332019
H970SF96,0.10588737
H9H0FG4H,0.052820727
H9V3GG4N,0.17055516
HA1LJ56Z,0.7033719
HA9OED1C,0.9524127
HADJX3M4,0.023532744
HAZEDXJ5,0.09336653
HC21RJGA,-0.967891
HC8CJQPT,0.08700207
HCFEN1L4,-0.017166696
HCLWW8SX,0.07646636
HCSQ09E2,0.06428957
HD5X7H39,0.010471206
HD9PJQ1U,0.9510324
HDOJ8MPZ,-0.903411
HDQ3RGFW,0.9828362
HDRPXK63,-0.85902846
HE5TSC9C,-0.061430894
HEAG7HXM,0.08339062
HEFAUISQ,0.18537508
HEP9TB6D,0.007895015
HF30N28O,0.8860614
HF69YJI4,0.00040293485
HFALKNUP,0.97785175
HFKDIABV,0.97313476
HFO4K8IK,-0.123315424
HFVK7D28,-0.0996252
HG70P7WP,0.07287647
HG8OFOEV,-0.19145045
HGK0HTVQ,0.15913136
HGNSRDJ7,0.39385867
HHPUV2WT,0.1357843
HHXHDK0N,0.045978736
HI6QXLT7,-0.46305895
HI90GA0M,0.00620085
HIX2DWOH,0.03207219
HJ9NPRVJ,0.99715805
HJBBWAYV,0.9583709
HJDJ2J87,-0.96494955
HJDKN2YE,0.40266722
HJHWX3TI,1.0262593
HJP7YQ6P,-0.0030652322
HJRFVFJ5,0.9668361
HKHOSL9D,-0.27262062
HKI5M9JI,0.9823437
HKP73GRQ,-0.16126198
HKPRNWEJ,0.98672307
HKW4FIFL,0.0039137136
HLAS97C1,-0.99214625
HLFIRZ4E,-0.96581954
HLIQJUYV,1.0042161
HLOMGI66,-0.105602294
HLTV1MFG,0.084061526
HLVAM2JJ,-0.4258082
HM081Y7L,0.5428148
HMAHIKRO,0.10876179
HMTNTQWR,0.81247735
HN6LR7QV,0.86535597
HN9UX47Z,0.04661749
HN9ZIK5N,0.34011102
HNJQN4JQ,0.076297365
HNKR2B9Y,0.9491621
HNLFZK9N,0.97025305
HNSDSTSO,0.9833075
HNSF9DNK,0.79006124
HNWZ4T6Z,0.5224276
HON40QKU,-0.013697885
HOQPB9P5,0.08835096
HOTO69JY,-0.9587263
HOV3JKEW,0.96450293
HOWFA2LR,0.98558027
HPB0B7Z0,0.9918561
HPMPTS2L,0.28777015
HPZ326BG,0.09583613
HQBZSNGC,1.0057456
HQU4QQHK,0.9703816
HRHWET4B,0.010773156
HRI6G8RR,0.080656365
HRZ2VRTZ,0.44862175
HS1MONBW,0.762923
HS6IYPSB,0.33146518
HSAAACYY,0.43656272
HSDGTMLM,0.60074866
HSGYXDL8,0.88707095
HSV70MNB,-0.8780822
HSWJZU31,0.93816227
HT2HM1VT,0.02250465
HT3LAD1G,0.96966064
HTSR0QXU,0.16984548
HTTEJKUC,0.48153698
HTXM0NYS,-0.93153954
HTZGD9RP,0.2630058
HUZ43M8L,0.5387443
HV1JRA0C,0.6932527
HV2YRV2A,-0.01614302
HV6GMH4X,0.118148275
HVM8M01H,0.9497598
HVMNRS32,0.73243266
HVQJOXX8,0.07524286
HW1QZLW2,0.49206138
HW5WWP1L,0.53905296
HWDXFRG1,0.7328299
HWIGCYS6,0.3154704
HWJOIMMN,-0.46707433
HWMP12BO,-0.5503552
HWVZTAID,-0.010438088
HX6UTURW,-0.011859547
HXE7QQKA,-0.046381064
HXGKMCFK,0.9889145
HXLRACYV,0.09512882
HXURNGW5,0.0794637
HXVMWIU7,-0.49711335
HXY2FGK8,0.96162
HY2FYONQ,0.99453133
HY2JG54L,0.8739338
HY45PJWI,0.08649954
HY6CWTQC,0.7217631
HZ26YGZT,0.96165437
HZ5OBICH,0.76852155
HZRNXCHG,0.98210764
I08DO8G4,0.86900437
I0JPCVPL,-0.013876662
I0NIR0P4,-0.03588654
I0RX4QPI,0.9545268
I0UHRIQ2,0.995642
I0WA8XY6,0.035810083
I1RYVX2F,-0.024563313
I236CRBW,-0.23203363
I27QR9DF,0.9451448
I2OPIATT,0.993509
I36522XL,0.35671204
I3CPGCWF,-0.019419119
I61I1BH4,0.99838483
I6A06NHG,0.1637279
I6CCN8LZ,0.19873448
I6FQORWU,1.013283
I6L5YH32,0.07735771
I6LEIJO9,0.02230724
I6RCTNPF,-0.97738266
I6XQXH7B,-0.76462233
I7HCL8NX,0.8180829
I7IJKRH7,0.87569904
I7QY37P6,0.86700594
I7TPKL2K,0.00055287965
I868Y15U,0.8038601
I8PIZK09,0.01417081
I90JOC64,-0.005740963
I92DFRSK,0.979433
I92E3401,0.10435549
I9BP6B7X,-0.39595783
I9FSICRM,0.9857301
I9IY350J,0.1850334
I9RSWSQC,-0.025057599
I9RVFRB5,0.0582287
IA54LI5J,0.2836265
IABE0W8Y,0.45496202
IADZ24L1,0.96911854
IAFFEYKK,0.9719633
IAR93DLV,1.0055342
IAUHF1D1,0.9526997
IB35HDGU,-0.016970336
IBBF0B5Z,0.944838
IC6BLZF0,-0.16646051
IC8U7S4H,0.36674684
ICA3W7RF,0.9763472
IDV50M9C,0.10726631
IE1VCYRU,0.14794147
IE473CFX,0.03943962
IE5Z3OWJ,0.9739173
IE9BYICZ,0.121761866
IEFP57RT,0.96564215
IEOE7AL0,0.578
IEVEZU5W,-0.032610863
IEVPB2Z5,0.99778795
IFIARYSM,0.9595968
IFIN0QAG,0.63245654
IFO48VOO,0.3614667
IFQKOR85,-0.0067676827
IG0IEBH6,0.6389382
IGWLIRE7,-0.64324147
IGZIYGDL,0.8253644
IH2IUS9A,0.9697897
IH8KRUQA,0.8599671
IH9DQS1F,0.022063935
IHA1AD23,0.9188688
IHHDRNBJ,-0.97818244
II114I3R,-0.974278
II69E4RK,0.9605295
II9IPK8S,0.98234
IIHUVYEK,0.6266143
IIODVH5R,0.222787
IIQDL3LB,0.09423565
IJV7IJ0Q,0.9937711
IKIJE1TN,0.01598366
IKINJYIL,0.0039137136
IKLR54JC,0.24621171
IKN3L02P,0.98541266
IKOKLGB9,0.11089008
IL0J6CNW,0.8216809
ILOOI0TO,0.016906084
ILUGJCWC,0.9749531
ILXAOXOO,-0.03771972
IM3RZ1WQ,0.029945739
IM4F9QYX,0.97800875
IMOO0BL1,0.88705945
INIMNAZC,0.20082864
INM24VCA,0.89750504
IOB8FVB9,1.0074406
IP85P5J7,0.93736315
IPRX8HBO,0.2377723
IPVKGN4B,0.99568367
IQ2DAOKF,0.0531122
IR764VVQ,0.8578989
IRJK656V,0.9444266
IROD47AX,0.36341256
IRTQ7920,-0.12612198
IS5B6I0N,0.8613245
ISOO8EER,0.8982094
ISS4DGTO,1.0044656
IT1DY9VQ,-0.020686716
IT6KM141,-0.019377641
ITC3G5AQ,-0.20097737
ITYOWVUJ,0.9974646
IU3K3Y9Z,0.9601873
IU5HH940,-0.19573937
IUCQIEX2,0.9797482
IUO4Z3RX,0.11106839
IV27648Q,0.9859975
IVKL4NZ0,0.852001
IVOPNL64,0.99153334
IVW338IK,0.62223357
IW2RGO5J,0.60428405
IW4D49I4,0.9601824
IWA3FU69,-0.33328778
IWBYLFHS,0.51491475
IWG301Z0,-0.6214342
IWLGYWRK,-0.30327243
IWOLGAUO,0.9902371
IX0XXFC8,0.9875031
IX670P71,0.7725724
IXDNKMUN,0.018922372
IXI0NBPC,0.99630487
IY3WCYRE,-0.048599184
IYDV8EVT,0.0562368
IYSX9FMY,-0.15259132
IYSYIV2B,0.8799832
IZ7YWLJO,-0.14775054
IZCIGIUP,0.95653206
IZTMDGX5,1.0142885
J05ZM4CI,-0.020281553
J0MM9XWC,0.47464913
J0P1ZWIM,0.56189865
J0YLIMZO,0.04425331
J19VIGBP,0.12332021
J1E3QXKJ,0.25993145
J1QKIJPW,0.98369145
J1SAUVBC,-0.684839
J1U8ASCC,-0.99201286
J2UWRBML,0.91576505
J3504GX5,0.81356186
J36IZ34J,1.0148125
J3EH28JT,-0.031820826
J3FTK1VW,0.93747413
J3RL1ZCI,0.035579905
J44SNXW3,0.03427258
J4HHAHVW,-0.10890043
J4MGAT73,0.033961065
J4S0SYBQ,0.14909694
J4TJ1XDZ,0.46236032
J53XZXXE,0.9702431
J5ADAWLF,0.3218251
J5FG3XN0,0.02964839
J5JSOUZA,0.9773267
J5K6OL12,-0.13014576
J6FQT6YZ,0.99559826
J6IFAS3F,-0.21643597
J6KCSKKH,-0.32945454
J6P67LYE,0.99417055
J79601FF,0.944975
J7R719UI,0.95854753
J7ZOSDZZ,0.09239985
J87DE2SJ,0.18420465
J8H2SYGI,1.0083185
J8L6SQDM,0.026204873
J8LXKVRL,-0.9589603
J95TDT2B,-0.20841274
J97OKD53,-0.005740963
J9SOFBE1,0.5573995
JABBSACN,0.96971244
JAF58WBE,0.06728109
JAU4TE6L,0.87259007
JAUOJU9J,0.9601462
JAVZGX9S,-0.29727983
JB1JEEIK,0.031681262
JBBSC28K,-0.25366944
JBNB6K65,-0.19678108
JBP0RFI8,0.6720672
JC23CRBA,0.38812852
JC6GRW4F,-0.058570296
JC6PIWIP,0.0061418284
JDHVEPOK,0.061565522
JDLMXCKF,-0.029005688
JDQILGT4,-0.07537563
JDQOKGPP,0.010522587
JDT7XYQM,0.99567413
JDTU1AHU,0.4217568
JE2B39W7,0.7344137
JF9J5YDP,0.5407667
JFA12WDV,0.939181
JFF8E45P,0.021709785
JFLH26MV,0.8944292
JFVV7B6G,0.9482776
JG0EUM8A,0.9215001
JG5O5ZW8,0.98675305
JG63ZADK,0.008757833
JG9IKHFN,0.99138564
JGLOIW0V,0.9864669
JGTZKTK3,0.890958
JGW7XK8G,-0.004382752
JH8CGQQ9,0.9879395
JHRXFHFZ,0.66130036
JHTKGLMK,0.034197442
JHWAQWJL,0.58740515
JIIU1WBL,0.31570268
JIO7UTNW,0.98133063
JIV45FWO,0.025845254
JIWNKVIX,0.07284702
JJ6HJHLF,0.102293424
JJ74AEJB,0.04785123
JJLBDQ1I,-0.06574544
JJRFDTGM,0.9750727
JK3FW610,0.9580448
JK620VXQ,1.0124072
JKHOH1FO,0.14966188
JKK82ZOT,0.0001878608
JL92HH96,0.96861726
JLL9110V,0.77774787
JLWSWPTZ,-0.0064601824
JM88HBKJ,0.9849881
JMBOCI7K,0.9913268
JMRI9D7D,0.01023268
JN4QRNZ5,0.14249274
JNA8KC5U,-0.14460716
JNAPXQY3,0.18912359
JNG8R7HX,0.12355433
JNKSW9GJ,0.71127665
JNN30S62,0.030444596
JO49RS5C,0.38888544
JOBAT0IP,0.039940793
JOGWQTVA,0.9708862
JOJU4OMC,0.049194604
JONAMGQL,0.9976848
JOSARATY,0.27747464
JOTCWP3Y,0.16889212
JPT2J2QP,-0.68093866
JPZD9QZ3,0.95913506
JPZO40B5,-0.033595383
JRNION1L,0.6363308
JRNL4JNK,-0.074317575
JRR8JN5C,-0.2753904
JRS0DOP8,0.85474664
JRVHMXFF,0.96050894
JS4JCHNP,-0.7612397
JSXBU59V,0.9605821
JT8VAC7Z,0.36302072
JTDTE5Z0,0.54402447
JTP8ZEPB,0.9899539
JTPITCCE,-0.03481569
JTVNBJKI,0.985963
JUDZST95,0.96125543
JUOCEY5T,0.9830172
JUSSS7WB,0.91813195
JUU3XBUQ,-0.9453868
JV3KXRGX,-0.058085658
JV589LW4,0.29657823
JV70YCUO,-0.95773566
JVE2UC2Z,-0.05161369
JVQFTA5D,0.7094165
JW3NXLFO,0.07043993
JWU2QWPI,0.011977643
JX5FFYQR,0.98608804
JXC7V3H5,0.7754281
JXIDN4I6,0.99108475
JXLR6SJ1,0.09430707
JXU21G7X,0.7425332
JXZG01MR,0.21627931
JY04WTSG,0.4020263
JY7G1RTZ,0.061119206
JYH1773O,0.95633876
JYKMISSA,0.1399841
JYKT5IEZ,0.29366708
JYQANW5O,-0.08951726
K01Z5CO1,0.9873176
K0N00EQQ,0.5357713
K0R0170A,0.045816716
K0S4WHK3,0.13531828
K0YK0SRJ,0.987414
K193D7UH,0.05028244
K1AYJW31,0.98770845
K1JT42Y9,0.98947567
K1LPRQZ5,0.986478
K1R21HB1,1.0172455
K1Z6IPR3,-0.53335994
K22JLAT4,0.104475334
K2GPR0WL,0.04865987
K2K90KPI,0.9841039
K2N78827,0.57568955
K2Q6RYUX,0.042106856
K3BQVYG7,0.050525766
K3OFEFDO,0.26795805
K3OUGOGV,0.008041032
K45ZV1YY,0.101339765
K4FNGP99,0.07041294
K4KXO1ZV,0.2488653
K4OHNQEX,0.98270434
K4Q1BPWH,0.57990813
K50HC4ZQ,0.70522296
K5RKNI5N,0.081535414
K5RPD64I,0.95571864
K5SCHOOY,0.09637198
K630IBYI,0.024752766
K65DT6Q7,0.9912087
K6S0J8JH,0.47491753
K6XJHF81,0.9574316
K72XYJIH,0.10307605
K7A38DJK,0.04977226
K7ARNSPT,0.46781182
K7K2DBM8,0.19229737
K7MQNN4L,0.089748405
K7TYU59R,0.036724858
K7YI3UWS,0.99072725
K8COJOMH,0.7529717
K8F29AYF,-0.030514643
K8FACAY4,0.99680233
K8NLOD80,-0.053291924
K9VXRJB8,-0.09036277
KA6QIVKL,-0.032571465
KABC3OWN,1.0207021
KAD1WPSL,0.9941026
KALO3JN1,-0.048471108
KAOUVTNR,0.802993
KAR36FDY,0.9883914
KBAZN4T4,-0.0025928766
KBEYW52R,0.78232366
KBM05RDD,0.9785013
KBUFXW99,-0.54237574
KC1IQ5A2,0.95964026
KCC0JDEZ,0.96375924
KCEQX47I,-0.13370033
KCT9AV9I,0.40956044
KCXA1TYM,0.6900664
KDDD2Z9I,0.9823263
KDIWGQ64,0.57621884
KDL23SSF,0.9808145
KEJS0J7M,0.85547376
KEK2UFA9,0.98571086
KELDP8XQ,0.10775317
KEWB5QR0,0.0044807345
KEZ9G630,-0.03649991
KF4OPPPD,0.99356556
KFB204SS,-0.9101805
KFOITYU2,0.011175653
KG1Y5SHW,0.06562191
KG4VYIVE,0.95035666
KG507QNE,0.16030745
KGCTXH0Z,-0.22299303
KH1O6RDL,0.025576333
KH1VLV49,0.059493456
KH9RXGI1,0.931008
KHCYTUPD,0.7956837
KHR9IX05,0.9431266
KI132IAJ,-0.07920808
KI1DOGTK,0.06888967
KIB1DGHX,0.0757791
KIF4QP33,0.97386223
KIONN7Q3,0.9750224
KIRP7W8P,-0.14380673
KJS7EH4C,0.7585267
KJUVERNO,-0.59281194
KK3Q64XI,0.97276205
KKDE8S8B,0.9830859
KKUI6S9U,0.67666465
KKWSORWP,0.9937278
KKZS9C4U,-0.13325155
KLFHWVMQ,0.95048815
KLK9IJ30,0.96744674
KLPW57K8,0.095821574
KLT80ONI,1.0007069
KM38V0RF,0.63263005
KMBMDVUM,1.0094708
KMOV9OV7,0.22973135
KMVPNSVM,0.07441941
KMWU6EM0,0.066149816
KMY0CFQD,-0.22782351
KNI65L89,0.39448
KNQC13QG,0.99270046
KO7736XF,0.080656365
KOA3PVHI,0.006567573
KOKLGE80,-0.15931755
KP4OTYQ0,0.05205931
KP57KZCZ,0.6915384
KQ40JHGC,0.021644749
KQ7RAJXV,0.971938
KQAOS8LN,0.972519
KQI7PAD6,-0.12017982
KQJU7BBY,0.9940648
KQNDFQ2G,1.0163434
KQNEH7DR,-0.075284764
KQQLZ7EQ,0.03860401
KR0SOYX6,0.22657996
KRAP1QPF,0.8479448
KRB5KBG3,-0.8281726
KRKTM7VR,-0.11388259
KRQR6LVX,1.0037827
KRT6WD0B,0.22372212
KS3TNPK4,0.3476513
KS8R2FON,0.9949126
KS8WDZZX,0.17521204
KS9KZ0S9,-0.09662629
KSCPLQ0S,0.98952925
KSH65WJH,0.7273132
KSINGSAB,-0.9272131
KSK79R99,0.97825295
KSPEDGHR,0.0997908
KT6C5EVG,0.21680062
KTFARVT7,0.8135676
KTTN3JVZ,-0.02066613
KU8BZKMC,0.08554101
KUI46A9R,0.9940648
KUWYGHDD,0.44485867
KV1GKD1W,0.9831633
KV4ZJAYV,0.1366125
KVENIRYE,0.8556203
KVWDCZZS,-0.92185575
KW28RSIC,0.06309005
KW7Z8AIA,0.9581849
KWA0GTET,0.17887475
KWAS4H6J,-0.98113513
KWNJ3AL8,0.99892485
KWTU7HJI,0.600443
KX1FZJFG,0.044869915
KXCZIKP7,-0.5503552
KXHRQ2P6,0.08376186
KXKLJ1PS,-0.1501266
KY0HD6M6,0.93625814
KYIQMDHW,0.68042874
KYLYH8XN,0.36494184
KYTI58NM,0.9891646
KZ58I8XU,0.04523849
KZ6IO8IV,-0.08932969
KZFYBUK4,-0.08107222
KZPBCRMC,0.15214138
KZRJ10Y0,0.9785172
KZSBYWK0,0.98977137
KZVB9PJ3,-0.15231726
KZYEQN5U,0.02306499
L05Y9CF8,0.03861281
L0BMF8F5,-0.63699543
L0JUTG0I,0.45097303
L0PTZYS7,-0.22843711
L16UC15L,0.0039137136
L1GMHDKS,0.49228686
L1OYNE0M,0.0060709156
L1QRXHPC,0.59553605
L2RJ3OGX,0.96936864
L2SXR336,0.5767894
L3CPON2L,-0.07797836
L3KCNH83,0.5837847
L3LH6162,0.41219676
L3RKT8MK,0.258376
L41MWWYM,0.27649388
L431R2KN,-0.102577224
L49SRMYQ,-0.77689743
L4K5SUMQ,0.9944993
L4OKLYNT,0.1085915
L4T5VV3A,-0.7223972
L4XNM8ZA,-0.013422724
L55S960G,-0.010377284
L5GPL6WP,0.2656331
L5IL34O5,-0.13972388
L5OQXSBG,-0.2299185
L611RVRH,0.950266
L68KLXZQ,0.07036649
L6DUCE9D,0.051884033
L6PPA5J8,0.30531698
L71CCP36,-0.074317575
L7JMQP7U,-0.019136053
L7KL4Z32,0.9954709
L804XMIJ,1.0027025
L90MF9A4,0.017010469
L90ZNC6J,0.08796185
L99TQA8D,0.52008444
L9DU7F7Z,0.021125946
L9GPDOQM,0.05844958
L9U0S2UD,0.3316245
L9WV7MKH,0.9977411
L9XB14HR,0.9827456
LB5VP923,-0.256922
LBFN05NF,0.98966014
LBIK2NOR,0.98955727
LBXVOJCJ,0.9940648
LCD1YQ5V,0.06203152
LCLNBUK1,0.4740227
LCMVO0Y3,-0.006120749
LCSLH342,-0.0030167643
LCXADEI9,0.9558027
LD9EJV6F,0.96167445
LDTZ3OSL,0.93422514
LE15BUFC,0.18999927
LE3ADFIG,0.049002822
LE4RMG1H,0.27369553
LER15U7C,0.9908379
LF38BUXJ,1.002146
LF4ZFYIZ,0.97735685
LFB6L2V5,1.0038431
LFPW2YZO,0.016947635
LFSJWKHR,0.12640953
LGCOASXH,0.76593244
LGD4AI5P,0.9498931
LGHYOMJH,0.9634031
LGM5GU6U,0.40983945
LGRDSRMI,0.8595176
LH12E09I,-0.8908545
LHHE7FE6,0.9831942
LHV5FFNV,-0.005706258
LIBIQF4P,-0.13355602
LIBOJP3K,0.94005126
LICPT3Q2,0.9946807
LILFASBY,-0.009188894
LIVJAXK0,0.16849901
LIWDQNEY,0.96267545
LJ5CE1KE,0.1683688
LJ7I1QNU,0.4015535
LJWK25VN,-0.35136938
LJYW1NSL,0.69814384
LK5BE4FU,-0.037352875
LL5GPG8Q,0.98121166
LLHN72E6,0.4644305
LLKOZTRV,0.98277026
LM4TNN6S,-0.017697226
LMEN2POX,0.04322147
LMHVDB9Z,0.70758796
LMUB38MW,0.040035315
LMYM3P87,0.82831687
LN0Y4PXL,1.0046719
LN17VTT1,-0.9671716
LN36E7XE,0.19272196
LNBDUG42,0.09537723
LNH0WJSV,0.8019761
LNNWTAQJ,-0.23394538
LO3T7UJ6,0.98507303
LPAVYWMN,-0.88987887
LPJIUL1O,0.9749141
LPUHL1B4,0.24192715
LQ8QLD0Q,-0.6193917
LQ95GH01,0.8014847
LQAZX3PM,0.86175877
LQG1280L,0.9215001
LQT4QNSB,0.98665094
LQW16TG4,0.9271934
LR2EZBIR,-0.11486319
LRAA4PWR,-0.50572586
LRBD540U,0.5114302
LRLJ9QC9,-0.99351406
LSEPPZ4O,0.40630108
LSH0LRLC,0.95733184
LSVB0JLQ,0.9889544
LSW4HSKU,0.7244637
LT56N6R6,-0.9692532
LTB2G93Z,0.95206577
LTRCIH3T,0.96246755
LUCKTA36,0.8184801
LUQVURVM,0.9919155
LV96RA8I,0.9898762
LVJJ35J7,0.9780313
LVNV2KB8,0.088350505
LVT0U0VW,0.28021622
LW5AH0K3,0.96004564
LWJHG2TM,0.9884814
LWL6I78Y,-0.095452055
LWUBQZP0,0.17777598
LWYAO9FV,0.027399622
LX05HJXL,0.1033486
LX1RVQAF,0.33161873
LY419RHX,0.6092851
LYA2GTAY,0.4193508
LYGR7MR0,0.9040491
LYPNPLH4,0.24930084
LYUNM5OE,0.88043123
LYXPRCOY,0.10925092
LZIY5JVH,0.8230389
LZLW9LD6,0.9978884
LZO0TC9A,0.48436773
M14SBHB3,0.62841773
M190EDRS,0.14080216
M19P2EDM,0.20048007
M1A9S15F,0.987048
M1EEEINL,0.50622225
M1LLR09N,0.112275004
M2FRXYA5,0.34742713
M2S0HPQV,-0.059284575
M2U1ANI1,0.42531472
M2ZK8ZTS,-0.1904181
M33NLUCN,0.9350343
M3JV6WNC,0.8962929
M3PPSZ9D,0.9717392
M4VKY62O,-0.019535635
M4VST9KN,0.02450384
M55GQ5IC,-0.8892177
M572SNX8,-0.049908012
M5967R4Q,-0.27176553
M5E02VGR,0.11872348
M5TIH74R,0.93403673
M5YVJ3BS,0.008952802
M5Z4RK63,0.60109395
M6USCTH6,0.2340483
M75P4R8A,0.8516736
M7EWGQ7Z,0.9025918
M7HCXOFW,0.14822781
M7OXGQ4H,0.98683375
M7Q8WNZS,0.21683973
M7QAN7SD,0.9986169
M7TV9FO7,0.0033408646
M7X777U6,0.04796557
M8HFJTGI,-0.85070443
M8K8N98I,0.97110856
M8TJ3Z4T,0.96468085
M8ZP4ZYJ,-0.020358898
M90K8DDN,0.4100343
M91QHAQ5,0.857378
M93PV8V9,0.46448672
M95NFZHL,-0.0062540807
M9GPPHWR,0.28134775
M9T3WYFP,-0.19069378
M9ZMOO11,-0.07133782
MA8OHVG5,1.0235336
MA9DMPDC,0.033971004
MAJI5073,0.4305578
MALZZHTE,0.16112277
MAO2969F,0.08455166
MAPRNU5B,0.25567538
MB9GP8S6,0.9185388
MBLGUWYF,0.037379906
MBY0G853,0.147816
MC69ABAN,-0.02892214
MC98RMDZ,0.087246105
MCMHZGZU,0.9681864
MD8BWIJY,0.7346289
MDI295LD,0.35287738
MDQJNR1E,0.9853455
MDQWK3N1,0.034246113
MDSF75AB,0.9942946
MDYXLQ9R,0.98277175
ME8QFXKA,0.20987569
MEJX1OWX,0.03073507
MF64PPGE,0.60247797
MFHP8BZY,0.29538363
MFLSVHKF,0.53517234
MFTFXQ2S,0.9639578
MFTQ64WR,0.051210634
MGTK14N4,0.056175373
MGUVFE9W,0.09239985
MHDR2BWD,0.058815572
MHZ2ZKIG,0.9889289
MHZ4BC6B,0.9999078
MHZFQKTR,0.5697387
MIBRPPX1,0.8714038
MICFZSNO,0.06974346
MJ58AGEQ,0.10342553
MJOFHY3R,0.98159987
MJQ8DS2K,0.028939618
MJT8UQK5,0.044990554
MJV3NXWD,0.70855266
MK3N5N7H,-0.039076343
MKV826G5,0.4620787
ML1G9Q5T,-0.13786514
ML6IX1UY,0.051033165
ML88C6DV,0.9804219
ML9QFU2L,-0.97076744
MLG8ND63,0.97738266
MLO1CCQ4,0.9848644
MLWSR4GK,0.14822781
MMAJ84HQ,1.0073738
MMBQKCHH,0.017527815
MMEPHWQ2,0.04839942
MMLEIEHV,0.008212164
MN3XF7V9,0.9990271
MNT9A7GG,0.18189588
MNUA07YQ,0.9717437
MNVB35MT,0.98362577
MNX4Z8AI,-0.014520422
MO0UAAYO,0.23080178
MO72RU2V,0.42990047
MO85V7HV,0.08018634
MOAEVWTV,0.97286284
MOAO0ZUP,-0.12951776
MOJN8E4I,0.16390972
MON5UNWK,-0.04336074
MOQ48ITP,0.9882067
MOQOYUFJ,0.8944052
MOSGST26,0.89873564
MPSWE53N,0.9474888
MQE7W7HH,0.67709565
MQG0V1OD,0.99429697
MQGXND3E,0.9784273
MQKGMH5A,0.9533232
MQP0H9DO,0.9795077
MQRLO2QX,0.9039968
MQSB87IE,0.9760478
MR637E8U,0.06466552
MRTIX20G,-0.15854329
MRTQX6Z2,0.9751082
MRV8554U,0.25362366
MS0LDSIU,0.93948406
MSFGN9FR,0.022922792
MSV4GZ7Z,0.99044716
MTA8SAK3,0.6077323
MTWZ7PX4,0.039896302
MUNO970E,-0.0007069595
MV05IFNS,0.08468502
MW6A9CM4,-0.3533718
MWBKJAOD,0.9940217
MWE714P5,-0.07174032
MWXTLGLZ,0.06133925
MXMGBNWD,-0.8123295
MXMULJDS,0.05519365
MXWGIO3Y,0.4601342
MY235NXF,0.97783816
MYD8C6H5,0.9962243
MYLIQLJU,0.963958
MYWAHLJY,0.94178027
MZAR11JB,0.53627455
MZB9QJ3I,0.93422526
MZC53I01,0.9245152
MZU35M4O,0.041930262
N05HTNUZ,0.112622045
N0CBJM1U,-0.0373761
N0JR1GGB,1.00838
N0Z2FSWP,0.108925425
N1BI29JE,0.2519763
N1QMTSQQ,0.51101005
N1R5D3XQ,0.4040141
N28XIIKA,0.48177874
N2MO4BE5,0.9834396
N2R6ZU1J,-0.04920347
N37JDKC7,1.0105358
N3B9RLIX,0.54935086
N3EHHBL4,-0.82334054
N3PVYWC2,0.054721445
N3S5E7HR,0.5400151
N3UQ9OIP,-0.01948402
N3V3AC4S,1.004831
N41MYHOD,0.5400313
N48Z4S30,0.064584196
N4SM8CG1,0.9485287
N56YX5NR,-0.8261021
N592TYGE,-0.09352303
N5VFOCZE,0.4749726
N5W4NTOI,-0.32996833
N5WXKZ2A,1.0129554
N6V0JR53,0.06080336
N71IVJ4J,0.3179953
N753PIV2,-0.42224497
N77TN3HR,0.5620442
N7H3S7CE,-0.009575773
N7YQLJR0,0.8655208
N83QS7V2,0.9797372
N83XS0TQ,0.77810013
N85ZZM5L,0.92916006
N8EI653D,0.5648864
N9KC7Q8V,-0.51216865
N9LLWTEF,0.021095775
NA3V2WFV,-0.97193503
NAT88XF8,-0.05014465
NAUOCUCF,0.10376939
NBSZNGX7,-0.1302526
NC1X2GSN,-0.0014329664
NC4HUS4X,0.054794017
NCEFVYTG,0.99214894
NCZF4ETT,0.99418867
ND13U61Q,0.067227855
ND232W5Y,-0.9876046
ND7SBPDN,-0.7078038
NDB4UIAQ,0.49641854
NDFH74RD,0.9802847
NDZPMEKL,0.20525666
NE9BVLSV,0.99586225
NEHD9TKP,0.9263578
NEOHJO16,-0.013125077
NERVZ7Z0,0.2798375
NF2QE63G,0.8934299
NF6PLY43,0.09002842
NFANQE38,-0.0018548891
NFBOSBE5,0.062305912
NFPLBK92,0.98992014
NFQBYO2J,-0.0064600557
NFSS3KI8,0.0968752
NG0QCYKX,0.982459
NG1C4J06,0.53284335
NGD9RG24,1.0165167
NGEX8LN3,-0.062365063
NGF1ZL4R,0.9906543
NGIRAJ35,-0.7501897
NH1DU33G,0.82736313
NHC08CX2,0.24036388
NHMRZFDS,0.22565064
NHRNJ2GP,0.9978614
NHUX4X7N,-0.4613977
NI26PTAX,0.1052887
NI2R4J1U,-0.0435128
NI5KG6N7,1.017063
NICMHZXH,0.12612425
NIO1P4S3,0.8590211
NIVKDMLY,0.7480631
NIZTSN7W,0.17855965
NJ757XMS,0.98878473
NJBOIJR2,0.94731885
NJJV6MUL,0.99861234
NJWYBJ3S,0.9325972
NKBDQIZV,0.96176356
NKDBSYXN,0.97791964
NKOCM9FA,0.04409402
NKQC8ITX,0.89128953
NKUOKOJN,1.0016012
NKV17RJB,0.07744591
NKW13ZOV,0.09130727
NKZRCGVB,0.09986141
NL08UE59,-0.028206538
NL746FNW,0.8762885
NLA75CLN,-0.49994254
NLFL1K9Z,0.98860216
NMBL2FA1,0.8930116
NMCYZYWT,0.9935575
NMER98E3,0.9756692
NML1IXG6,0.6621165
NMTMKZ3T,0.6956652
NMWGJO2I,0.71676373
NN2BZF4X,0.2323117
NNQOAH2Z,0.98165166
NNTA4YPH,0.018426623
NNYPNN10,-0.98376274
NO52WLC4,0.032603126
NOE9GIG6,-0.5869906
NOZO5IG1,0.02185932
NQ6K7EA6,0.25670266
NQCYIUNT,-0.09179418
NQSKZPVK,0.051639315
NQUZF4C8,-0.022726215
NQZG4Y9D,0.69830114
NR1GZRO4,0.00427543
NR6VCVIB,0.99670446
NR9YO1JA,0.9774082
NRALCWNX,0.9857191
NRLASGZO,0.8279061
NS15U9GM,0.97620887
NS6R6U34,1.0019697
NS7AEN9U,-0.980366
NSOWBPOA,-0.0026426185
NT3I0OMR,-0.52857065
NT8KM5LW,0.72840047
NTAG4R5C,0.9859017
NU0OZCIQ,-0.952357
NU6PV5XT,-0.010521211
NUJO0PQ1,-0.9700523
NUV45MFJ,0.7399419
NUXJAB2P,0.9151354
NVCFK77M,0.24306773
NVFZBN20,0.9661768
NVPT5F1Y,0.8388317
NW56IOGB,-0.14471546
NW8PLW0Z,-0.31492227
NWCPOT0O,0.0071049687
NWIWXLRY,0.04844322
NXAJS1EE,0.051237233
NXGKSBMS,0.91080624
NXX56N3N,-0.8026048
NY8B3CTM,0.05457435
NY8M6R5W,0.9852504
NY929TYG,1.0160872
NYT0DA0R,0.07183258
NZJ3PFP7,0.87609935
NZR15IVN,0.9114768
NZZMQETA,-0.05389379
O0S3XZAY,-0.039443433
O0Z0PJU2,-0.97066456
O144BLFF,-0.12465443
O16DN7OW,0.98040426
O1K7W5VP,0.97968405
O1QQMJ6W,0.9682926
O1UTKEET,0.55524045
O219SCJ8,0.06916261
O2A685H6,-0.08029684
O2NLLM6D,0.16804245
O2VMSYSI,0.36428607
O2YRHYS6,0.06112291
O3RL7E5H,0.9847339
O3VK6C1Z,0.9905918
O3Y2O0OD,-0.023456708
O46OAOD6,0.2047081
O49D6P9U,0.6891527
O4FK98P1,0.98782516
O4GPNW0E,0.9505741
O4OX4WDK,0.0615556
O5XAQS67,0.011675731
O63PX82G,-0.045150883
O6656P0K,-0.13539287
O66WHFZW,-0.6593036
O6D6Y97O,-0.96978456
O6X76W1G,0.99227864
O6XJFK2F,0.9758799
O71KCABW,0.9634461
O7324ERK,0.9919892
O7CHM2KA,-0.05099366
O7KDM54Z,-0.17859061
O8CMYMWI,0.9984349
O8KE56WP,-0.06786155
O8VY2KJP,0.58829194
O94H1NX4,0.93219084
O993JBDC,0.88213605
O9E7ZG6R,-0.06459593
O9JR1266,0.97400963
O9QJK6X1,-0.0537825
OA6H4L3Q,0.34356236
OAMU958X,0.73327357
OANYIRSA,0.9866437
OAXW28RP,0.046860535
OB2YXPIE,0.9626145
OBAAPLX5,-0.035404764
OBWHTXI8,0.94693476
OCB1D9HP,-0.909115
OCGLMD0B,0.96429074
OCIRCBFB,0.1677428
OCK9QQTA,0.02719203
OCLYOEU0,0.9759178
ODI2NAFN,0.9788217
ODI9Y0KJ,0.5866784
ODKEBN71,0.4811086
ODLHK6SH,0.09558453
ODRAKZJH,0.99070424
ODSH71A3,0.11081752
ODXV6MQE,0.9988284
OEAZAWCQ,0.87503123
OEJOYARE,-0.897432
OEN63ITF,0.003136227
OET5G66Z,0.2651801
OF5G326N,0.32229942
OF6J93UX,0.9437288
OFGIN7VK,0.9938955
OFH6BLJM,0.9339237
OFK9HMDW,0.05484491
OG2HHSDZ,0.99918205
OGEZQTFB,0.28912336
OGK1PJAQ,0.97110856
OGV0VSEK,-0.01811662
OGWPE5L5,-0.68451273
OGYHF5W0,-0.0618181
OH98V082,-0.04214721
OHLTN9N4,-0.1774889
OHMCPLB7,-0.009780619
OHRBSQ0G,0.004404988
OHY8ZD0F,0.9834882
OI153LCK,0.12288091
OI55U234,0.62064636
OI9J8MU7,0.15792517
OILFQS8S,-0.20935443
OIMCVYKS,0.95070475
OIROTFV5,0.9937275
OIT8SDQF,0.018727733
OJ4EVSEB,-0.47430456
OJ53OEDP,0.99372846
OJGELCN3,0.44728166
OJMNT5YS,0.40155
OKAN5ADT,-0.48779547
OKD62BOE,0.89874786
OKGNUG14,-0.73077303
OKRXCVJM,0.96384966
OKVJJJVL,-0.44247842
OL650HFW,0.011730729
OL7HKF2B,0.8914155
OLGQN638,0.08077973
OLHJRU9T,0.97723114
OLWP8P7G,0.444377
OM44XQZD,-0.08712496
ON3VWAEI,0.24413021
ONEY28IN,0.9973846
ONJ877VC,0.9831916
ONOZXU63,-0.036892697
ONPFP1BT,-0.076504014
ONPJSXZ2,0.078853145
OOKIPAZQ,0.7000265
OOU79HLB,-0.09137131
OPKO69RU,0.14201659
OPMQ3EKR,0.117644906
OPN68XLR,0.024216898
OQ0PCJH2,0.9940648
OQFO6UQV,-0.26040083
OQHRJDE4,-0.04492028
OQJ5DVNI,1.0147215
ORBOMQNQ,0.87157
ORPUMJKU,0.9277478
OSDVAJBL,0.19701703
OSEZBZVM,-0.002647575
OSKS4M4O,-0.302216
OSYELGI9,0.9706529
OTF447P2,-0.13494615
OUDX1RPA,0.19915213
OUEVRHY9,0.3346597
OUTUYVRO,0.86986643
OV17OZAQ,0.12538518
OVQCUVDL,0.027709046
OVSSZN97,-0.071299516
OVUPZXGY,0.9452379
OVX9RO5K,0.7875139
OWKASL5K,0.6485572
OWPJ8HBY,0.0031991042
OWTSTXD3,0.031461656
OX5Q22Y2,0.4667474
OX9U2SG1,0.94326806
OXBO2J6J,-0.03951507
OXPICXT9,0.19278468
OY0TZNZW,0.02900589
OY0UO0CA,0.5977105
OY1D8IN7,0.4094631
OY9GPH37,-0.15547279
OY9S741O,1.0055162
OYAU5EP0,0.9028649
OYDZIIBY,0.23984769
OYMYFPY2,0.7313267
OYNKTOL0,0.25036812
OYQZ5MZC,0.4390744
OYV40LHM,0.9527779
OZ45E8KU,0.79038155
OZ4F7P1I,0.053969096
OZC8QNBS,0.020503284
OZEZCYPF,-0.10049164
OZLUZO9Z,0.99673307
OZVCVL89,0.0027577765
OZZ8XE2O,0.96585816
P02A1C85,0.10687178
P0ICB3WH,0.9542908
P1OQE3J8,0.31577063
P1PMB4FU,0.98632455
P201FP1V,-0.27280384
P2Q692ZR,0.85140204
P2Y3RGIF,0.028745163
P39TU7RG,-0.047206067
P3UHQDX6,1.0119238
P42FLMDS,0.8528052
P4B8W5GU,0.055303108
P4BITZ14,0.009895626
P4G332GV,0.9808925
P4HGTFBR,-0.034930356
P4VX4NXX,0.8474059
P4XGVTSN,0.8776492
P4ZTSKZW,0.9968061
P59E3YNE,-0.9828464
P5K9HBTA,0.06336027
P5NOOKR1,-0.003638059
P5P14U44,0.9384178
P5RAVZGG,0.060950853
P5T3IH0O,0.05026678
P5T9WMDO,0.007230237
P671RLEV,-0.62891495
P6C9BWGI,-0.55827236
P6DZ9A8H,0.48758495
P6HVDFIC,-0.055040285
P6IPJISB,0.5311262
P6L0Z6UV,0.33092737
P6LO39Q8,0.8714771
P6PKQQMF,0.5434675
P6W4C94X,-0.08466041
P7FITXWL,0.48128527
P7I1J1VX,0.05805692
P89PDCCE,0.04481089
P8AN0I5F,0.22248031
P8QC4SIC,0.13368098
P926FU1P,0.03769046
P92AR98O,0.081636675
P9GH4M4Y,0.06680394
P9K36RPY,-0.17778401
P9NRCKIK,0.011163112
P9P56GUJ,0.69341356
P9YYO0VD,0.09427078
PA2Q34XS,0.06502159
PA47AO8N,0.04074289
PADCUNA2,0.9820529
PAJRQWTU,0.045807034
PBE910JX,0.08692402
PBMB074V,0.35402942
PC0IRBWY,0.9911023
PC4PS2ZF,0.021358198
PCBZXQQQ,0.9708377
PCKSLBYT,0.12572077
PCM627DD,0.9932034
PCQJFCP3,0.97417426
PD02IQLO,0.97937006
PD3O5GNH,0.084261924
PE7NDCPY,-0.44730437
PEY3QAID,-0.97660995
PFOMH8PN,1.0106828
PFTTACWE,0.82669747
PG00UBZ4,0.27175596
PG676RR1,0.19217518
PGRQTX07,0.08707185
PHEDMQYS,1.005808
PHJCVC71,0.69595426
PHTGRB0L,-0.5662502
PHZV1HBZ,0.5834503
PI0TIK1D,0.8697336
PIFJZC9Z,0.97796726
PIR3V9QJ,0.7361142
PJHH73T1,0.9048424
PJL47PXC,-0.24882616
PJNIJ6AT,0.96879774
PJNVJ223,-0.014436934
PJSISN1Q,0.9909693
PJVTNMD0,0.008800995
PKK73W2K,0.68334144
PL0RHMZW,0.23975876
PL5UIEY6,-0.06767542
PLFA5S28,0.9351727
PLJHSCFU,0.08921426
PLJN1GMB,-0.07107664
PM3CKM16,0.07188076
PM514NOL,0.023376375
PM7IBUCZ,0.92339027
PMUOB5IK,0.7609681
PMY3J6Y9,-0.7391316
PN1TZB52,0.9775346
PN8X0WC4,-0.04871562
PNBNWX54,0.048223153
PNRB1OOR,0.9792517
PNRX2FHW,-0.52030456
PO2KNCX8,0.52974796
PO7PXS51,0.9380195
POP6BRIT,0.83559746
PP65E7X4,0.9561682
PPAEXKBV,-0.8589558
PPDN4KZB,0.7235914
PPFJ9TVN,0.048478927
PPIFNGEO,0.35226488
PPR9U53D,-0.15048803
PPTUII1P,0.95266354
PQ4OJPZQ,0.88247603
PR8PS44D,0.9304195
PRWKVP4H,0.08623027
PS2P5MWA,0.16757448
PSEJ49ZR,-0.07375453
PSJJO5DP,0.77944106
PT2USMYE,0.056472503
PT346YTU,0.9880182
PT81EM0M,0.020821147
PTAMZ7JY,-0.07147126
PTCQF6MM,0.20659083
PTOGAA86,0.06962809
PTTE0YC7,0.046279814
PTXQYSOD,0.8102911
PU113FKQ,1.0043536
PU5Z3LV4,-0.12550382
PUA79MJL,0.9860499
PUDS72Q5,0.5830448
PUHDELMO,-0.7206881
PUI0S3HK,-0.6846019
PVIDP7QI,-0.017054781
PVR614Z3,0.6076601
PVSFEXGY,-0.0051882975
PVZPB0SR,-0.16785556
PWG2AW28,0.968078
PWK06ETM,0.12818962
PWZ6YEHA,-0.1384411
PX4OS8CS,0.4386719
PX7ARVY4,0.8678898
PXCO8JHZ,-0.06609851
PXSFDNUT,-0.9764637
PY1WKNE7,0.093186535
PY83QTDA,0.010838732
PYQG73LI,-0.61079717
PYYRYLFP,-0.11981973
PZ24GRHK,0.024994127
PZ55C90G,0.75518477
PZ9K7ILW,0.56221795
PZB3RXAF,-0.29954004
PZDGDBHS,1.0102264
PZF2ROO4,1.01114
PZV8Z555,-0.31651163
Q01H8CZ8,0.90954
Q0B0HJQH,0.8361879
Q0H402GU,0.003590133
Q0IYG36R,0.022334278
Q145WNWG,-0.4164936
Q15HRERT,0.9917781
Q244Y3L8,1.0239565
Q2IVHW5C,-0.98121333
Q2Y3D95L,0.69126344
Q2Y79W51,0.9992521
Q322GUTO,0.09521132
Q33NDAER,0.953414
Q3R3GIR5,0.98810154
Q3XB0G26,0.15445228
Q3YSAL67,-0.5043253
Q4EOJIPT,0.047824197
Q4FJQB5P,0.9847989
Q58YA0C0,0.49745703
Q5MD9OB7,0.70362407
Q5NGAOYX,0.981519
Q5NUC5GG,0.59351975
Q5X5MIKT,0.95338535
Q652SSYD,-0.105374604
Q67EGSE1,-0.031964533
Q6C88X2A,0.045978736
Q6GH7DYD,0.98029643
Q6LSNHUU,0.91364646
Q6PLNXT6,0.040267166
Q6QV7L2Q,0.9930305
Q7C1ZXKF,0.9322039
Q7GBSJUW,0.52938944
Q7UAFFU0,0.08042161
Q84ZK7GP,0.9679492
Q89A3JPX,-0.74765176
Q8OS73SU,0.7986308
Q8Q8ZQ9J,-0.06953349
Q94YDAVA,0.9834387
QA67DITE,0.76748925
QBF48OCA,-0.23217018
QBLQWPL4,0.057335377
QCD7D8G7,-0.0990551
QCH557SR,0.388537
QCKLSCS5,0.08464606
QCLH7O2K,0.95146906
QCXNS9I3,0.97960013
QD1KL9OI,0.023383968
QDNLHX4P,0.1681492
QDWR725O,0.18075988
QE0OSVN7,0.9680932
QECQYUKM,0.5004141
QEIBNTB8,0.9771592
QEIF17D8,0.028937671
QF15YIVT,0.97990656
QFDJUVQ0,0.96468997
QFJ0K3BR,0.1696401
QFT64MP2,0.12554139
QG5NQ6LA,0.35518843
QGA9VBG7,-0.025248013
QGCS1ILL,-0.88680446
QGMI7D6Q,0.96480966
QGY367GF,0.020100493
QH5P373L,-0.23789172
QH7CW468,-0.066539735
QHCFPUPX,0.093035325
QHIUXK7Q,0.30256897
QHIX3PD5,0.7181407
QHXIPK2Y,0.61015254
QI749J8L,-0.17267552
QI7IQ1XM,0.6194527
QIOUP883,1.0043396
QIPBE8PQ,0.968093
QIYUZ597,0.4508925
QJJ72WWX,0.15871108
QJKBGEXM,0.92042816
QJS0IK3S,-0.17666633
QJVI52X0,-0.0014687814
QK2JP27M,0.3578338
QK6AB8I2,-0.010672163
QKGFQCG8,-0.9021966
QKN1C6GN,-0.98921466
QKR3PGCD,-0.055357106
QKUEWN76,0.04481607
QKZNVFXS,-0.17918363
QLEXLO2Q,0.06094285
QLL3TNGU,0.97818065
QN5R9FC7,0.9824975
QNA7ESY7,0.028488576
QNHZM9OF,1.0116597
QNL0EAJ7,0.06692617
QNMSCOUR,0.5444405
QNTJ19FL,0.6054132
QOJ095RP,0.18131363
QORR2T90,0.96813345
QOZH3R55,-0.058784895
QP5HG17I,0.16201447
QPCZHJHT,0.84965837
QQDUIX1A,0.015284221
QQJD23FC,-0.09647815
QR6LFNA8,0.19957346
QRAG02RF,0.038367387
QRC07SXQ,-0.96351135
QRPX9ZJM,0.9705314
QRS9TLVB,0.5678236
QS1ZSCKL,0.40607864
QSFLHGWN,-0.23073362
QSQ669CA,-0.59586626
QSY0MTFJ,0.7475207
QSZR48HM,-0.020293716
QTGOZ0GS,0.97675264
QTH2A2JD,-0.28908092
QTMUO6WH,-0.97856355
QU7N5QBI,0.98720497
QUBG4LVH,0.9471206
QUETPBLE,0.7326736
QUN6GYFJ,0.99735475
QUQ408T7,0.95855576
QUTU4O1C,0.90949136
QV0HJUUQ,-0.11912662
QV6EGM2T,0.07409306
QVAR7L51,-0.10188149
QVR86Y0L,0.98523295
QVU7T1F2,0.8467576
QVZ6IY3I,0.0889239
QW5WDCAN,0.6130244
QW7YMP7L,-0.981272
QWLPMBHH,-0.011541147
QWWGGFTX,0.95740134
QX5IBGRC,0.5830575
QXRWPBMT,-0.009078588
QYALQPI3,0.57318187
QYHK4H60,0.98545504
QYLEN6WM,0.88644284
QYTQXE6J,0.8780889
QYV6AQ04,0.98194456
QZCLQC6H,-0.0110071935
QZJWZN5G,-0.9063655
QZSL7G02,0.73100376
QZV74F10,-0.9348348
QZZ4B39S,0.91870916
R0HU4XWZ,0.108918935
R0TRSD14,0.8090243
R117KYKX,-0.7588982
R1IX7KFE,1.0071276
R1PSKXGH,0.5822167
R1SJAZTL,0.9961028
R2ACLR2X,0.5326812
R2CEGTR0,0.07579054
R34ZZQBO,1.0025573
R3XK9LYU,0.04165796
R4EZMUFH,-0.6985466
R4I0VK8Q,0.006491836
R4IUNSOF,0.04038468
R53IH7MA,1.0053748
R5EOU79T,1.0007472
R5V0I4RI,-0.09283658
R5VV0P7Q,-0.3004703
R6212VHR,-0.98101795
R680OSOV,1.0049304
R6A5F893,0.9818299
R6K028OK,-0.9629895
R6TEF1LL,-0.705849
R72EBRQ8,0.06274239
R7I9ARP6,0.63578844
R7ILRP0E,-0.05105503
R7MXCZBD,0.29850215
R7PQ27AC,0.8754338
R7S34UX0,0.9374407
R8BL25FT,0.050106287
R8EH2T3H,0.07299863
R8ERJBHF,0.8666104
R8HGBUWB,0.12513466
R8JB36V0,0.9817114
R8JNZBNQ,0.013157419
R8MSXMQ7,-0.9606653
R8VXHOAR,0.024842307
R93NQV4V,0.9329217
R9582DQM,-0.98225343
R991BVTR,0.31250083
R9JJ8C5S,-0.036489382
RAKVFW8N,0.15537588
RALA74GF,0.9960455
RALE3UP3,-0.4563927
RAXP7EX9,0.98277587
RB15QNY9,0.82506174
RBBCO9CX,0.5895984
RBGWT5FF,-0.06556449
RBNEI31E,0.03129794
RBYPAF4K,-0.94932795
RC3TQ4VK,0.012021915
RCBVX7CF,-0.011697531
RCK6BROS,0.9819989
RCNOBF77,0.07155113
RCQHZ993,-0.15610877
RCWTFGLU,0.67053366
RCXXPDGM,0.350518
RCY3SLNE,-0.9670599
RCYIYPUF,0.58463115
RCZN8QIT,0.4133203
RDE95A6O,0.080656365
RDVGA6YG,0.97108746
REKZMO5C,0.1657198
REO86Z48,0.19646563
REY4W2DE,0.9911255
RFAHGRYN,0.99600285
RFHCT4CJ,0.5528321
RG7IAP3R,0.093530916
RG8PN7KY,0.9773116
RGGV465A,0.112586685
RGJTM4HJ,0.009704862
RHAH6XXJ,0.1815242
RHFQ3D7M,-0.9649625
RHHIVWQ1,0.06312172
RHILAHIQ,0.72974885
RHSKIOGR,1.0204715
RHW7C3YG,0.94069505
RI7MVT1U,0.6598683
RI8OTYVG,-0.08132562
RIJ81BJN,0.16412802
RIX18QF8,0.9860074
RJ7EN7BN,0.9921887
RJJQJZVC,0.19500613
RK6WYK1R,0.9877067
RKB073JE,0.06859065
RKDSR06Z,0.12709679
RKVIF36D,-0.0101540685
RL6TJFU9,0.030830897
RLRJLX2M,0.9807579
RLSMG4EO,1.0027659
RLYV3VRX,0.9916363
RM0NQ73C,-0.05905197
RM4I4OKM,0.99288124
RMFV40UE,0.050156604
RN8EAI10,-0.0291345
RNRL05BQ,-0.15124197
RO4FYH01,-0.83299637
ROUTG5J2,0.9255437
ROW958C5,0.07708354
ROXQCBQC,-0.8490718
RP5NPUDM,0.060782775
RQIXRVP4,0.6655108
RQNVWZ12,1.0033908
RR10902P,0.829858
RR2SBI7T,-0.7724004
RR4EM203,0.97115594
RRU9GSR1,0.7119576
RRZS9UDP,0.3563379
RSDUKRJ6,-0.00029150024
RSF2S9D4,-0.120326415
RTFYHF74,-0.010854404
RTG0DINW,0.9940648
RTJHYTH7,0.99187
RTP7PID5,-0.806114
RTRNUTHG,-0.97226244
RU1QHDNE,0.29079372
RUJ5VXPF,0.2506011
RUQC5PG0,-0.95121425
RUTCB0BF,0.9698951
RUW0P5VN,0.8106014
RV4516F7,0.27051628
RV6X3QQ2,0.9722172
RVHKP9CC,-0.010812771
RVTNA5B4,0.9620112
RW2N3W74,-0.9832605
RWJHBLAP,0.073735274
RWN11TQI,0.21595635
RWTH74AN,0.30937743
RYDCI29D,0.97573715
RYI7ZQ9P,-0.025279138
RYLOMATL,-0.047841303
RZ2U6E6N,1.0076715
RZ4RJES9,-0.25067574
RZDFOPZ7,0.78554344
RZFV939G,0.06946333
RZHO1PMF,-0.03934869
RZQ9XCEI,0.5099396
RZQCJRMR,0.28315192
RZWP38OR,0.08066111
S07UUUKM,0.9734297
S09F20XP,0.04991736
S0IX28Z1,0.84992146
S0PV33JY,0.63082254
S0UUHHUG,0.90619624
S0UY2YS8,0.8805461
S0VA5IOE,0.9755662
S18YK7T8,0.9865043
S1W80Y2X,0.9906045
S27NE10L,-0.36807132
S2MPUTCV,0.9534771
S2P1C1QU,0.33031166
S2RESALM,-0.14831117
S2U9VIYT,-0.4185323
S2ZF702A,0.82938564
S3UOJ6TB,0.9417747
S3Z88NPN,0.01799484
S54GTUFL,0.24724796
S55G0YMK,0.0408106
S5705NGW,0.00055477023
S5B77Y2C,-0.96814674
S68XBO6C,0.2934339
S6GNYIR9,0.75232524
S6HCSLS3,1.0040927
S6JWUTWC,-0.058734216
S6K2TLLT,0.9917845
S6U8MG4D,0.9033188
S71VHAXA,-0.069143996
S7AQGDCF,0.98444706
S7BGP7BD,0.21961
S83A49IP,1.0040598
S87VL2LZ,0.015180813
S8ALUBM3,0.5347746
S8CJUWBZ,-0.051629014
S8IKVYZP,-0.024613373
S8MIHURI,-0.6893743
S91DP1C0,0.9638162
S96CTSCF,-0.15483111
S98LJJOX,0.79378426
S9SEPTMC,0.96962863
S9YKQ9FJ,-0.04811485
S9YWRYP9,0.030244239
SA0AIN9Z,0.086072415
SA7C3MR1,0.98771507
SA8SKDHU,0.34647077
SA99ZQ95,0.052234232
SAFP2GOS,0.56525
SAP1O4QJ,0.17347564
SB0Z86TC,0.99491686
SBA0TFI5,0.49279046
SBEDUTL9,0.59071195
SBRESS4E,0.9947435
SC2Y510F,0.09145718
SDFX6BJ8,0.9492777
SDHEIA0Q,0.050971054
SE0W9LAH,-0.07153031
SEITLE2M,1.0056354
SEPRSAPQ,-0.007919628
SF5TZ9FF,0.94979054
SFD4VO6I,0.90592265
SFJEYC9L,-0.036151193
SG0JKFNJ,0.4894613
SGBVABX0,0.31962413
SGE2MTZA,1.0001378
SGN1P1R1,-0.2907902
SGP3SR5Y,0.9651741
SGRY07CX,-0.9545362
SGV719KB,0.41689283
SH6FBATY,0.044910673
SHLEXK9J,0.09612967
SHNNLZEB,0.0034430884
SHPN65S3,0.434224
SHRL68Y3,0.9622749
SHYHDH08,0.98328143
SI9ATICI,0.058550607
SIBNQLVI,0.99107873
SIGYED0W,-0.5907681
SIPY2W52,0.043305945
SJCBHBZZ,-0.28761655
SJN6MGSZ,0.050652497
SK6MD8NM,0.98837566
SKB06HKW,0.074733585
SKKP4RGE,0.08494514
SLGRU3DV,0.98123336
SLKSRLUS,0.97273505
SLNVXALZ,0.09462444
SLOIEFV7,-0.10651137
SLUR6MKW,0.023272049
SMAOAESQ,0.12805517
SMVT413S,0.031884678
SN1WH8VP,0.08132417
SN486ESX,0.9960622
SN7PQ1GO,0.7516346
SN7R20PA,0.012962176
SNIB2RSB,0.03194355
SNNUFETQ,0.14750963
SNOUHGTQ,0.0030090213
SNS6D6ZZ,-0.038637906
SO8NYH42,-0.15755992
SOD6KFZD,0.6571079
SOGFFZ5Q,-0.18846123
SOOHKHRP,0.105908915
SOQI2M66,0.5961354
SOZR8E0Z,0.00935255
SP4IP8PI,0.39913297
SPI02JGB,0.17612016
SPPIN6NL,0.961295
SPT92PHF,0.057457753
SPXWAZQD,0.013947764
SPYHT6GI,0.9778083
SQNZPJE1,0.937028
SQO7XONJ,0.72194827
SQY994L0,0.019805294
SRFJGTCY,0.8505168
SRZE199U,0.12785718
SS4YASPR,0.009977667
SS9LW4TW,1.0008959
SSPHSVPX,0.3021862
SSWXQ7XX,0.96372354
ST1W50VZ,0.015123384
ST9EP2KD,0.97447073
ST9J99IR,0.030473039
STH82YOR,0.20965236
STID9ZYZ,0.0734936
STV0H7S8,1.0134631
SUAW7LS6,0.10393279
SUO10DGZ,-0.06078046
SUPX8ICJ,0.95576954
SUQTIHXD,0.025355127
SV1IDXX5,-0.012312721
SV65RDNX,0.9669078
SVAPSWUL,-0.97686625
SVJDZPQM,0.92088
SVS54E3R,0.07628677
SW8GWSKT,-0.083817236
SW9NDS2J,-0.10100776
SW9XJZBW,0.94490385
SWDKWUOF,0.39954156
SWJRXVCS,0.004855681
SWMEKBO2,0.9226042
SWN76U8X,0.9985736
SWVBM39J,0.02742241
SXDFOB9Z,-0.5123162
SXJSNLLH,0.9657684
SXS2ZWRO,0.076746255
SYMLG5QT,0.7231813
SZ0FIRYL,0.15563951
SZ5YCXLC,0.99211353
SZCOOPER,-0.91384554
SZKJRECH,0.27810955
SZOFWLPQ,0.9802901
SZXYG3Z6,0.9622006
T068JZLZ,0.9854734
T0DD87TJ,-0.1541952
T0E6PWF7,-0.027259596
T0S12TAC,0.030141916
T0WQ04B6,0.3212387
T0WUR9MD,0.061133962
T0ZQVI9P,1.0014032
T18MOWEL,-0.5164614
T1KPXE4K,0.97577053
T1N55OBC,0.98714405
T1PIY149,0.55288315
T1QG5Q0W,-0.16873989
T1UUVTB7,1.0070446
T1W0F3MM,-0.13330665
T277XLEH,-0.08663269
T2A4ENC9,0.15170488
T2EYWO6V,-0.030830812
T2JRQ4F5,-0.05102566
T2LJIQ14,0.9979916
T2OIXRQT,0.9817538
T2PA6PBU,0.99580586
T2Z5W57A,0.6648311
T37CUYLZ,-9.008311e-05
T3G0D1UE,0.04209893
T42EBQIV,0.99815524
T42OS5K9,-0.052912414
T4AJLHRV,-0.10437097
T4HIQR9R,0.14850727
T4LPRYHR,-0.019938406
T4MCUDBP,0.96487594
T4XH7XO8,0.06274917
T55I4758,0.5141326
T55P1BG2,0.98258424
T59UPPYS,-0.018060148
T5N8KYDS,0.051546827
T5Q51BOI,-0.06113586
T69UPEK9,0.84648544
T6KYOYNA,0.87728
T6ZT9RNV,0.26852894
T7Q5DG5N,1.0076171
T7SQ0BWQ,0.77444994
T7YHGW7Y,0.2227384
T8SAAPZ1,0.041280784
T918SA7Z,0.05730299
T9TO6HBS,0.10256164
TABBR3X0,0.2817256
TAOF2AC1,-0.012202095
TAYT556J,-0.013984926
TB5ZTFDJ,0.27052125
TBJELEKG,0.9480964
TBT00PMG,0.04326818
TC1Y9PAW,-0.08758937
TC3SFQPE,0.95820063
TC6GBOFV,0.4832682
TC7OGSBN,-0.96833366
TCBCR1PB,-0.003450187
TCWLNVHL,0.9202016
TD1CSH8N,0.18396463
TDHO2RBB,0.11151569
TDIQ8QVU,0.89714414
TDIUTRMM,1.0066519
TDMZUN15,-0.23548023
TE1JPC5Y,0.9917531
TE8CKQ36,0.9897804
TEIRSTPD,0.07093033
TEQSHSF8,0.00084729865
TEUTXVDO,0.8376565
TFLBWSIU,0.2057259
TFLGLWLD,0.9662631
TFSAVBOJ,0.3144037
TFSOYBIP,0.9845813
TGL3N7HE,0.07599464
TGMJC76D,0.9653393
TGREIE3Y,-0.04297626
TGS27NKW,0.970639
TGSHOYYY,0.86143196
TGZRB02X,-0.0110071935
THE52JI8,-0.082449846
THHVHF6O,0.28546542
THKQT4DA,0.820843
THNEJAGY,0.9465863
THT303Y4,0.19499993
THUZEW9T,-0.036475576
TIXVVDXP,-0.2404045
TIYLP52K,0.1954677
TJ443O1V,-0.0010906868
TJDA9DS7,-0.04860446
TJNEOF1R,0.635583
TJNMQBJ3,0.29034585
TJQ4AM2B,0.18579856
TKRO7PLP,-0.09301147
TL8P20W9,-0.21069457
TLCQVUKD,0.5091359
TLIU45XJ,0.98745316
TLJNCYUV,-0.9721985
TLSS0IPY,0.002093669
TM3PZ9G9,0.1730985
TMBCTYSH,0.5962411
TMGFC629,-0.06180449
TMJCR6RQ,-0.029851396
TN32VL67,0.9550981
TNHDFKSQ,-0.039558418
TNJ5HPVV,0.06588338
TNTW5XCC,-0.0085762665
TOHB4QDV,0.24131843
TOMUBZOL,0.122058555
TOUTKLSE,0.045978736
TP379DMQ,0.33359838
TPEME2O1,0.9707457
TPN6JDH8,-0.55673635
TPSHZPY0,-0.08100585
TQKDFEBE,0.9783571
TQSUCEG6,0.98388493
TQYV7ZLR,0.95362055
TRP0EIAJ,-0.14712942
TRQ2TXEO,0.2004558
TS3M9QTB,0.9877202
TS8TM5SY,0.8205884
TS9CQLAO,0.9914146
TSE72GRN,0.52399665
TSKCQGAW,-0.77667135
TSS4Y1RB,-0.033042423
TSTJPX3C,0.21723679
TT2E45GQ,0.98963284
TTRU3CG2,0.09075567
TTU5DR5X,1.0150449
TTZUT96Z,0.9947634
TU6WFHZE,-0.07975547
TVG2WYT5,0.49658012
TVX154O8,0.16073902
TXK307PH,0.008963902
TXVUV53A,0.66505766
TYA1EE76,0.79916245
TYAT1NWM,-0.0023750737
TYD0W8WN,-0.53674483
TZDI99AS,0.9372688
TZID9EJ5,0.9451448
TZVZGWI4,1.024382
U041116F,-0.44248003
U0LCCF8R,0.9936846
U0PSZJBT,0.21606591
U0TKN0IR,0.16784278
U10IBQCM,-0.0071494915
U1M3P926,-0.09456042
U1M7FX3C,0.45144093
U1UX2PZD,0.39454168
U27KEYGN,0.9808802
U2GU4CPV,0.7352723
U2I0ELBA,0.69512963
U2RO7YMR,0.07387072
U2Y02PJA,0.010627497
U2Y3EA7A,0.955318
U32ENZVV,0.029608801
U3SFIQVR,0.70139533
U40E94DN,0.9859986
U4AMIXQU,0.9725069
U4IQAXTG,0.97135
U4MAEENJ,0.14209591
U4SDYLVW,0.80604935
U5K1PFOF,0.07627584
U5WLDUAW,-0.101279214
U61E7MGY,0.10078502
U65R46SM,0.9620061
U6LIXHS8,0.1458072
U7D8VCOW,0.010838732
U7N8NJW3,0.16664253
U8IO1DZF,-0.0035427753
U8J3OCQM,-0.022727747
U8P9OTX6,0.077215
U93P0FWS,0.51290536
U9MFGFBF,0.4430099
UA44NFH9,0.11965498
UACA12DJ,0.21341036
UARBL97I,0.7716191
UAT979NF,0.011818378
UAWU9BKD,0.63705087
UB3V2WXL,0.051795453
UBBMQPAX,0.8898758
UBRS97OP,0.9052431
UBV21JE9,0.94672996
UC1M8ZJ2,-0.99036944
UCDDZ6QA,-0.9640437
UCFFCW3Z,-0.40541285
UCKH2P89,-0.23145552
UCVQ4B7M,-0.5603409
UD79OLAI,0.018625094
UDHM9S9C,-0.13370033
UDQK1ZUX,0.44735938
UDQM93L1,0.9866193
UDVDSGIR,0.9277124
UE9O9YQC,0.11121898
UEB3N0PR,0.9956182
UEMVRAHO,0.9727901
UENTG4KD,0.971064
UESYE52K,0.41506594
UEZFM1AM,-0.97062707
UFDLPSSC,0.7306886
UFE5XPTY,0.058938343
UG4QJZB2,-0.15892042
UG58XTL7,0.64798594
UGC3N4SK,0.9920954
UGJTL20W,1.0257301
UGMVCAD3,0.011755075
UH3HUBEU,-0.47106105
UH7RHLVF,0.099263355
UHCG78V2,-0.022343747
UHS0UR7D,0.98810375
UHUC0R2T,-0.24013864
UI2TP91X,0.8503736
UI66N7C8,-0.026197463
UIINRCCO,-0.10903396
UIJLRQQT,0.033891924
UIW0YB03,0.06961826
UJB5UROZ,0.060089547
UJJSFRY2,0.9839998
UJNNAQSE,0.98997444
UJQX649U,0.0658686
UJWDZ2GJ,0.972078
UJYB2ZIF,-0.037507847
UK05IYAE,0.08512726
UKHPTDV2,-0.2021844
UKXUQBPG,0.058998052
UKZKCQ4J,-0.9572876
ULI56M5L,0.44521278
ULWWV0BX,0.30028963
ULXRXD65,-0.7647776
UM0XNV46,0.97991884
UM6RNF0E,0.5392809
UME0OSXI,0.11581392
UMMA8Y2A,-0.15234922
UMUSK8GD,0.14630716
UN8GWSTD,-0.13702354
UNK6Z8RC,-0.26309168
UOI8ZKJU,0.74973226
UOLE41EH,-0.046680696
UOS3PD5Q,0.1090433
UOU01NBN,0.5380932
UPJV2MSD,0.04463891
UPOBCGAO,0.038481325
UPSBEREH,-0.07889561
UPTPBK2G,0.9987831
UPU6IHNI,-0.01665891
UQ2KQ18V,-0.020626549
UQ9U8UOP,0.66891485
UQAQUHCU,0.8661342
UQMZKQ50,0.05229876
UQVJBS58,-0.9451001
UR58J94G,0.9826508
UR7EG89W,0.98287827
URAC6ZER,-0.019210756
URNWIXDB,-0.29441255
US0N8POP,-0.8777594
US0ZPWYN,0.59349704
USBMUC00,-0.7172324
USH5FTWD,-0.1479227
USNQICEK,-0.2896604
USUDQ7AC,0.06970234
USYL0NMR,-0.7266151
UT2JCOTD,-0.10908997
UTDDF2F5,-0.48361742
UUPA8K1W,0.44218498
UUSZ3N18,0.82576245
UV58JBCH,0.09214194
UV9PL8ZP,-0.01714157
UVJHYISE,0.08584173
UW3GFRZ6,0.83157206
UWB0S0UJ,-0.09658152
UWC8EAAV,-0.035412725
UWESEHUW,-0.010343451
UWPQN3GH,0.0063552167
UXBM5KBL,0.8190304
UXMSM47E,0.023524452
UXOZ78NP,-0.018626176
UXURD844,0.8978999
UY0PLRWJ,0.18868415
UYD020OS,-0.66935205
UYMDOFQ7,0.600241
UYOG9FYD,-0.07389458
UYT40V6L,-0.794338
UZ1OJ6VD,0.94677365
UZ4X7WR3,0.20548426
UZCVVS2L,-0.40674055
UZRIINF4,0.05061633
UZRIJCEE,0.99221367
UZSNCCNV,0.9880126
UZT7JR8Z,0.10109459
V008P9MZ,0.13471158
V0DKTQVH,0.15973245
V0L2UZY5,-0.038743563
V0W3FN1N,-0.005740963
V0ZSIGU6,-0.39490294
V10ZLMJ8,-0.005740963
V1MR4JGI,-0.73619884
V23JBC2C,0.5999125
V2BK2ZUO,0.06264133
V2C7VCHO,0.9613223
V2O1TLZU,0.08945119
V2Z0Z42I,0.67535716
V3XI3FE6,0.1744882
V4RB0Q28,0.19558863
V4WPDS8N,1.0155143
V4YSDQJG,0.029021364
V54HVN7M,-0.34376574
V5DXZMJL,0.07512457
V5F5MSAR,-0.064138405
V5WOS0JX,0.99032044
V61GSVW3,0.07327254
V64ZIMRA,0.9547151
V6BLW5A1,0.9912028
V6YMPUV6,0.10789162
V6ZWEA7M,-0.97961974
V7B4LPZS,0.52427596
V7ER8Q56,0.8713137
V7KQGAT4,-0.041748933
V7L9GVG4,0.5850538
V86960SK,0.01102916
V8CJSTY7,0.97580796
V8X4ESTX,0.989663
V90G9PDT,0.9540507
V97N9LXT,0.16837473
V9AC1BFQ,-0.11096804
V9BL65VI,0.22106494
V9JNUNC0,-0.13853069
V9MB80EP,0.5351037
V9UK5PCI,-0.012317382
VA73777S,0.9795974
VA7MARAI,0.15796067
VA8TSEMM,0.05471717
VAU6HUS1,-0.88789123
VAWP2H31,0.6531577
VB8VAO8J,0.0011646822
VBMHPFCE,0.98599696
VBU9ILSN,0.13837275
VBZJVCBX,0.90690386
VCI2LJZB,0.042809993
VCM5N4SX,0.9451448
VCVKT9L5,0.0780319
VCWKZD83,0.81160617
VD3UH37A,0.9708456
VDBG3V9C,-0.07712659
VDBQVWYD,0.044841412
VDL93MHJ,0.64094913
VDOV99CB,-0.017604627
VDWALJ89,-0.8014922
VDXJW6X7,0.86008185
VE2PBORX,-0.24988408
VE67PY8J,0.020623973
VF3AKRXH,0.28981972
VFSG57MY,0.040305313
VG18BRRT,1.0061394
VG1YRBDK,0.087055594
VG9E6DZ8,-0.9693364
VGGZ2WQH,0.9812789
VGHJQPU5,0.26283157
VGWVR0DC,0.044083275
VHII9HGF,0.057967782
VHMT5NRY,0.738851
VHP2J8P4,0.4340654
VHZD9OCU,0.09214194
VI3WIYMW,0.9987232
VI7RZCX4,0.1956008
VIV700R0,0.97167313
VJ7653YU,0.030015856
VJC06DWB,-0.07221501
VJD4YX4C,0.68330723
VJF3AFQP,0.17579879
VJI6XCYT,0.29667628
VJK1M4RU,0.9049014
VJO95VB3,0.25252753
VJVRYW5R,0.9880899
VK8ILAZ7,-0.24349801
VKGIPTAW,0.98388493
VL34YI3D,0.52557904
VLJ04NX0,0.047172137
VLRBBGY6,0.06305802
VMMUTL9O,0.9892489
VMWGZ8BR,0.07747887
VNCVRR7U,0.041916005
VNFTTGJ0,0.85595405
VNKNZ9H6,0.8872678
VNKTU5MV,-0.061581723
VNNR3U8N,1.0158619
VNZTCDQ9,0.99907106
VOMICH5H,0.6748136
VOOOOU1A,0.92315567
VP0NIDT4,0.9934833
VPCHM04X,0.21386415
VQ109N4A,0.06051257
VQ135ZAJ,0.9637827
VQ3TVQG1,0.043759283
VQD457MA,0.30734444
VQT6CZ6Z,0.056836866
VR4ZTRDU,0.90627193
VRMXZEVO,0.7142313
VRUVOTP0,0.38957655
VSSOMF5J,0.56733954
VSV4G45Y,0.2986501
VT9UEMZP,0.61948544
VTC15HT1,0.19533668
VTFB8M76,0.9763074
VTGQUJU0,0.7087047
VTWE8QJ5,0.95487565
VTYIBCOR,0.016592193
VUVCA0WW,0.0381106
VV2JHVL8,0.8803068
VV665LZE,0.2573393
VVDWNWIG,0.012201798
VVEMZK7P,0.9398105
VVIJFE2S,0.9734668
VVNQW82M,-0.13447613
VVVMB22A,-0.660689
VVWWO1IG,-0.63882565
VW03QWWJ,0.7430757
VWG0N3VW,0.9104707
VWIDTXGF,-0.95531845
VXMF3E9B,0.9845275
VXSX6DJL,-0.097154334
VY3BLR5U,0.037903413
VY6HOYVZ,0.98184884
VYBFPD3M,0.24290971
VYFSYQ81,-0.95260817
VZT3WATU,0.0056079514
W04D62Q6,-0.93197274
W04ONYJA,0.08105329
W0O6O0ZQ,1.0095247
W1546JZI,0.41916722
W1DRL9NL,1.0224375
W1SMI38B,-0.9824945
W1TPFU9N,0.12655573
W2AWVOGD,0.06219865
W2C6LP3J,0.6989473
W2DQSZAJ,0.035135794
W2NSPLL9,0.83751774
W2OQ9KOF,-0.933723
W37WBKPG,0.85273063
W3Q153AB,-0.7006943
W3SDK4CC,-0.55121315
W4G975YQ,-0.0154734105
W4MAW9RX,0.9900769
W4O65LCM,-0.34024876
W4ZT0B8F,-0.5405415
W50YQCQE,0.072997615
W51PHRIQ,0.04226166
W54INW17,0.6732434
W5DHXGL3,0.10691982
W5U240ID,0.87692326
W5ZV97L1,0.98702645
W66M0ZZH,0.86705595
W6JOSJ54,0.06572777
W6KX87TI,0.9237166
W6TYEXBG,0.021408753
W74V5JHY,0.19344752
W7DG2UCY,0.45831686
W7WEFEAU,-0.6627386
W82DYIL2,0.04715833
W8UFU2MD,-0.09639411
W928VQ6P,0.93728447
W9409U43,-0.93151647
W9AQ342R,0.9798223
W9AVNCEO,0.9765621
W9LO6R5F,-0.29171538
W9UP73VN,0.19557892
W9VK1OGQ,0.21724312
WA4YFFIP,0.7682181
WA765H9M,0.32961786
WA7BWMHE,0.043384127
WA8KU01I,-0.035095103
WAA6V0AW,0.94942856
WAKBJAOI,0.836129
WATDYHZ4,0.015353265
WAWW6JT2,0.07305564
WBLXWQRJ,0.07609232
WBTO6S7O,0.49059016
WBXU6TNN,-0.92382824
WC7NAN87,-0.01570354
WD9YW1QI,0.9879707
WDG2CSNC,0.3154704
WDIR9U2Y,0.98398626
WDPJZSQX,0.99757355
WEB20GPQ,0.9919554
WEEUQDWF,-0.31024688
WEEXCW8J,-0.26165223
WEI8NQ36,-0.9912678
WEMIZGST,0.17604183
WEN2SNL7,0.9952589
WEYGHLO6,0.9885643
WF9IBLMP,-0.14292087
WF9TYX9R,0.7100167
WFBL9VWX,0.99453044
WFGDTJGW,0.97912955
WG2ARV31,0.05522487
WG3TAFE7,-0.36022848
WGLGN7KM,0.45073944
WGNWTT8R,1.0009887
WGWGALRG,0.99610156
WGX3H89G,0.21361884
WGXPG2S9,0.066256054
WH3OCAYA,0.23306401
WHDJFLTU,-0.82274073
WI71LWAF,0.0042155273
WIJF7YV0,0.99868935
WJYFVG3L,-0.01166347
WK04RA9L,0.9759196
WK120003,0.8138747
WK1PH76R,-0.21751545
WKD5YWE0,0.9702384
WKI6OLO5,0.043768756
WKJWMN81,0.97662824
WKVUYJ6S,-0.8251953
WL4G8TX0,0.9376908
WLG51H6J,0.07697505
WLKUNJM9,-0.6335518
WLUX9TH5,0.95744175
WM03AF5L,0.99250627
WM9TSVPN,0.8885282
WMSIPO4J,0.09776553
WMTB3GF5,0.23994988
WN7YD493,0.0032295883
WO1BCQT9,-0.89224005
WO571XMM,0.97668946
WPVVWVRA,0.9590324
WQ3XMLSX,0.11447087
WQJ4DNTM,0.10410002
WQMQB76O,0.9972543
WQU99XIM,0.06770783
WREDNVL2,0.9773941
WRF8W09M,0.9843583
WRIT9YWP,-0.1541209
WRSMII04,0.9844452
WSFXUMBK,0.1797873
WSKD2MQ6,0.9375028
WT0CW0MC,0.30370653
WT5U3J4Y,0.6829154
WT7C91NR,0.053284474
WTP6JX6G,0.9826508
WUGWOSVT,0.17181998
WUGY5NF8,0.20298453
WUH9OFCI,-0.08569667
WUMVXXP3,0.059518177
WUP4655S,-0.017167572
WVVSN8S2,0.38444465
WVYJ0UG4,0.088448144
WW6495JL,-0.7915864
WWF5IZKI,-0.106899604
WWH9KYE5,0.9532278
WWKK7TLO,0.7664487
WWWXO2AX,0.6297525
WX2GDARE,0.1214589
WX3BX1VN,-0.02219157
WX54ELCK,0.32890993
WXA034X3,0.15876718
WXO8VWWD,-0.03373976
WY4NP8D0,0.010472549
WY8J2UJM,0.8735629
WY9NWA40,-0.34138846
WYR145MB,0.98412305
WYTKD32L,0.9907219
WZJJV00G,0.99098486
WZY4Z9RS,1.0150051
X006B0YV,0.017869288
X0384DXF,0.87507826
X062JUCS,0.995585
X0D4PXZ5,0.9541098
X0LWRBYK,0.99217516
X11T9KYT,0.37140554
X1GLM9RY,-0.07937003
X1ISQIUC,0.17769934
X1QUTRJ5,-0.07093248
X21XIPS3,0.04100606
X2Q2PA5U,0.037538603
X363VZ2X,0.94218045
X3HHBHN1,0.21640667
X3P1VCAS,0.78945833
X3WEZ09M,0.4152044
X46PYZ16,0.5715566
X58TLWPE,0.07404046
X5LK65UH,0.05147972
X5MA72SI,0.026832104
X5MQ614W,0.3280279
X5TCTRX4,0.97110856
X5WJ8CCL,0.9482057
X6BTTIVI,-0.53493536
X6DT4L65,0.9065361
X6GU4UR5,0.91167694
X6KPKH8A,0.23606561
X6MYBPH9,-0.067359604
X71X4QGL,0.94235647
X79NRYBJ,-0.11511703
X7O5LJEQ,0.99212253
X7UEDUI4,0.84768575
X7XB2EZM,0.9862749
X84CMKDY,0.9574881
X8HN850E,0.0903559
X8JTY01I,-0.105746835
X8NJJ1Y6,-0.98647153
X8XGRNU6,0.9869222
X8Y0BXML,-0.06732892
X903COC3,0.9765841
X904HFAL,0.09842139
X9A7PB5E,0.11262879
X9D2WBPC,0.24875584
X9IUEHE7,0.9108535
X9YK51TY,0.93457305
XAA8YN4L,-0.005740963
XACQEOJN,0.123431444
XAF19Q3C,0.027868032
XAFDEEEA,0.015254087
XAGU7DAE,-0.97691023
XB2CTKRO,0.9874856
XB4FGPVX,0.021841973
XB6MVZOG,0.011274738
XBB8X0HR,0.9874355
XBHJ2I6R,0.98119247
XBQFVXHC,0.53617656
XCIK0A2H,0.13551898
XCKHHFHD,0.067477316
XCM27RRJ,-0.9759525
XCNJA2IF,-0.07790539
XCWVXV6O,0.2427325
XD4F6PNG,0.45663345
XD6PE7MM,0.977353
XDRGLMWB,0.6979915
XDVYT4U3,0.048729755
XE4L4QRB,0.99176604
XE7FS700,0.8961937
XF257JQ0,-0.018257447
XFBBABG8,-0.05337967
XFMGI6KD,0.40358233
XFQUHOQ5,0.002693437
XFVUU1NE,0.29220933
XG5OYILD,0.7378828
XGGBAJZP,0.028279712
XGJY45BA,-0.03251857
XIEOXYAW,-0.19936606
XIYFA1DU,-0.9736018
XK7SYNKY,0.2343359
XKARNCJ3,-0.008758571
XKEFQLRM,0.24159458
XKFRL7EC,-0.44247842
XKNYN4TR,0.9991911
XKUSQUYS,0.17485237
XL1J13NG,-0.8579668
XLC6KKNF,0.078498304
XM22MDB2,0.5822898
XMF08SYK,0.671831
XMLWV9S7,0.76053613
XMO6PA6Q,0.9493057
XMZOJUNN,0.04721023
XOOAAM2K,0.062890835
XOPUBB8L,0.9963344
XOZ2LFHX,0.08828986
XOZBU45J,-0.5602514
XP1DU5HT,0.104595
XP6GRO2O,0.97059774
XPZMDGCU,0.40553522
XQ0W6L32,0.9318284
XQHOGJ72,0.09921295
XQLT0VA5,0.9905378
XQMLB0NM,-0.8537434
XQP90G3I,0.98822314
XR9P6V6M,0.7226512
XRG4KZKU,0.971974
XRQXMFK8,0.9908278
XSECJS9A,-0.034272935
XSHUVYAR,0.08259818
XSOR3ETH,0.034204982
XSQJWI28,-0.22742449
XSV7H6M4,-0.24512015
XT1YA3U5,0.87236404
XT7DOPQ5,0.064424366
XT9FNBAJ,-0.33916909
XTA5C26K,0.52167344
XTBRW2MX,0.7532613
XTGUIOXI,0.9940865
XTV7KY7Z,0.9802458
XTVRNN1G,-0.08885333
XTY3VOI4,1.0213035
XUANL6KM,-0.4138791
XUSVM28S,-0.75003844
XVOBFIVF,0.09239985
XVUTI2Q7,0.9173669
XWEQ3KYU,0.8965287
XWHW81AC,-0.00903713
XWLJDV98,0.07978853
XWM9ZM7L,0.509268
XX375FDC,0.96325773
XX6PQIUK,0.20445028
XXE28G6Z,0.05612549
XXHJT1B0,0.0003934689
XXKI5REK,0.006490927
XXOLXZV0,0.5706388
XY5BGL0B,0.9433666
XYE70NU9,0.05773024
XYP81FEM,0.29650068
XYTVWG2H,0.97311753
XYUJX9QJ,0.1290417
XYWBBP1Y,0.6906787
XZQ6K2II,0.25790083
XZUL0652,0.70997244
XZXHLDQL,-0.2122842
Y06EILXF,-0.35814106
Y1GP7A1E,0.00075552985
Y1NOLGV9,-0.08159026
Y1OC7SKA,0.9747472
Y225AKH7,0.029092293
Y26MBCMX,0.9540626
Y2BBUE6G,0.23280464
Y2IZM1V0,0.9888738
Y2PK9RLT,0.026582759
Y2S7N7BH,0.35575944
Y393S2WH,0.6200279
Y3PERXW0,0.05966825
Y3T2A3QZ,0.99597436
Y44JRH8G,0.06673662
Y48FKSIT,0.0662912
Y48RD60W,0.97007245
Y4G0U5TJ,-0.01911236
Y4IIPW2V,0.98246664
Y4J79V4U,-0.061917305
Y4XP6IPS,0.9403894
Y53UOK46,-0.7425246
Y59BAPO3,0.095405005
Y5XIMP45,-0.077047385
Y5ZVJN1C,-0.016377538
Y6E37E0E,0.6382376
Y6JEWN65,0.5365972
Y6K6UF3J,-0.00864543
Y6XT09ML,0.057792407
Y79HH0JW,0.074742414
Y7BL0LCR,0.99375147
Y7DKFPKT,0.04521487
Y7EU90O3,0.2785564
Y81G3TXV,0.94341165
Y88891ZS,0.665955
Y8BGVXXI,0.17155093
Y93EFQOF,-0.97630763
Y93ZAY9X,1.004506
Y9D9M4OL,0.273898
Y9NPIKIA,-0.017936844
YA0VGDUA,0.17827393
YA3RXOGB,0.08921021
YA7QBR9R,0.98860437
YASV0BYI,0.035027083
YBKJ9XMU,0.99946463
YBO5OFHH,0.94620496
YC7AZVQW,-0.7450342
YCADYL8O,0.9956007
YDAC0SAY,-0.94340926
YDDNADJJ,0.2870074
YDMGMFXY,0.10580674
YDVUR46K,0.31714815
YE4Y4D30,0.3896137
YE6SWJJZ,0.9506237
YE9MXBEG,-0.23085539
YECL4PLJ,0.17799193
YFL60F97,0.0520314
YFLB3BQG,0.019799262
YFZB4TL7,0.07886311
YG0LEK67,0.76185215
YG3ZSTTP,0.13784023
YGAW48WA,0.9854511
YGHVQD1P,0.935788
YGI0KAMX,0.017130457
YGZK3D2N,0.0061888937
YH05BPI5,0.063943855
YH3VFFJP,0.9822396
YH7SIVLS,0.68976575
YHAMB9SI,0.86019814
YHGZT1OL,0.6874145
YHUC7G1T,0.19410653
YI1ZA41K,0.98951334
YIDYL1H9,-0.01770012
YILWEBWO,0.9937485
YIR436PX,0.8611456
YIWN4VQI,1.0028328
YJ87B1J1,0.01568725
YJKHN8Q2,0.6969458
YK2PBW5D,0.1620317
YK4C34D7,-0.24476059
YKDRZBTO,-0.01473546
YKLFFXYT,0.045780197
YKNSIW6C,1.0211908
YKYG6LX1,0.99051356
YLKKLRFD,0.12829965
YLL15EPT,-0.000959076
YLP5F0IR,0.11743127
YLR88D4Z,0.14191636
YLZ7O7MY,0.8656091
YMD5GJWO,-0.61318696
YMQAP4FE,0.034656726
YMTIQ8QC,0.045195792
YNOUCWOG,0.37489635
YNVNZSZH,0.3116706
YO6BH3UZ,0.9234896
YOWN2L82,-0.55508685
YPA45IM3,0.5700244
YQ9HAN6P,0.9775724
YR8AJC3L,1.0003884
YR9TOD2D,0.72228503
YRL31L2P,-0.035826355
YRMF6HPL,0.20494393
YRN8M934,0.8680237
YRNLJH0U,0.10663011
YRQ6SF5F,0.98504937
YRQ7LVUK,0.0013708025
YRU8JIK1,0.12309384
YRV14SQN,-0.09440397
YS43WGZ0,0.87709063
YSFSKF2U,1.0160971
YSGWVL81,0.9826515
YSO2VAZQ,-0.026216328
YSOE16CH,0.96574736
YSQGFPE1,0.22075239
YT0KL7XE,0.45703566
YT9SFO8O,0.5873675
YTCGXTUG,0.5286761
YTCP4V4B,0.5204391
YTDH36UJ,0.6683589
YTHLFKNG,-0.024548981
YTJKT2Q0,0.094187915
YTSVO8AK,0.9851175
YTXNFFVU,-0.22338788
YU67TTDK,0.88425475
YUQQVIET,0.9650121
YV6FF9HQ,0.99148375
YVYM7KLR,0.054099005
YWC090MO,0.7507116
YWDZERQY,-0.17662357
YWRMCMYB,-0.870067
YX3LXL6T,0.05427308
YX71HQGR,0.93248993
YXECX1UW,0.045458604
YXJVEOXG,0.033589534
YY3W8JCU,0.018544102
YYMJCAEQ,0.8993361
YYRMLXC4,0.65218586
YYSWZLLO,-0.8608571
YYT02VGX,0.94934773
YZP06UG5,-0.11747697
Z0I088QT,-0.44247842
Z0J31OD1,0.9894587
Z0KUPCD1,0.7229501
Z0NCMZHK,0.98276067
Z1PUVCN8,0.22438328
Z1SRTXN4,-0.22466455
Z23HPZZU,0.9111884
Z330SS6S,0.14777645
Z39W5QTA,0.9038347
Z3CWNQRJ,0.9974679
Z3GRW3ZJ,0.99209064
Z3SFO2GM,-0.4373232
Z3T70DN6,0.9779889
Z3X99L9F,0.98452806
Z48QWTD0,-0.007790424
Z4EBYAM0,0.9961439
Z4KGK9ER,0.009223631
Z4XI19OX,-0.026084028
Z5341KDB,0.9869672
Z53GV775,0.86012924
Z5DOCDW4,0.96543056
Z5GLEI43,-0.46339703
Z5MF1G1V,0.051770534
Z5N7LW1S,0.9604998
Z5OY2346,-0.3101194
Z5XHMTYR,0.06692606
Z60Q88RG,0.0789145
Z6U39NM6,0.29668862
Z6XY6X0D,0.13853335
Z821ZV03,0.98232925
Z8E8OMWV,0.41221285
Z8F7ASLB,-0.13370033
Z8HH7VLY,0.9916533
Z8RNTPS0,0.5658877
Z8YR460S,0.037087105
Z90URY9W,-0.7819847
Z9H8TSWG,0.98755217
Z9WOBQM7,0.59151644
ZA7FM40E,0.10809178
ZAH64ZOG,-0.37697846
ZAJPUMHW,0.56031805
ZB51HOG6,0.11632362
ZBIWNR3B,0.85939574
ZBZZOM6U,0.23066558
ZCF438K3,-0.0012088865
ZCTVO51D,0.9937568
ZCW4M6TI,0.04120793
ZD87XV04,-0.9669429
ZDMY2OPD,0.35944414
ZE4GIZZI,-0.7015442
ZE8PGATV,0.035453413
ZEJM56CQ,0.9156971
ZF70QEAI,0.3659563
ZFEO58UU,0.16448674
ZFN9CZSG,0.06942579
ZFUPIFY0,0.9380476
ZGGOBM0W,0.05727665
ZGHNJ350,0.98789597
ZGS8ZQC5,0.0102812275
ZGVL3KJD,0.96948075
ZGZEJGWU,-0.91683364
ZHFGS2XV,0.3656277
ZHOIBOJ0,0.6604465
ZHOUAN19,0.9979583
ZHRGV03L,-0.10531649
ZI0EAOII,-0.9980507
ZI6REMXL,0.9639337
ZIDKV32C,0.6551346
ZIKSRB23,1.0001546
ZIKVHAXO,-0.91868734
ZJ06MP18,0.047473937
ZJAP18G4,1.0040557
ZJE3CFGZ,0.971995
ZK9MCD56,-0.5557062
ZKDNG5TG,0.95959187
ZKHDPHIV,-0.97568905
ZKJD2ERJ,0.9382653
ZKUDO71N,0.9840618
ZLE9KFM5,0.98394024
ZLLUOFW2,0.99507165
ZLOJYV4X,0.022553898
ZLZ1TQ7G,0.014842723
ZM1Z2ZL3,0.04686424
ZMOPS88C,0.16410723
ZMPWBDZN,0.8589842
ZMTT15KL,0.9936127
ZMXNGTDH,0.9810671
ZN7XEYBZ,0.9889597
ZNBS3F9F,0.024496045
ZNNGAJNV,0.12253025
ZNVI9Q77,0.89902145
ZNY8NL34,0.013937392
ZO6MICR8,1.0027981
ZOCPHSYY,0.6187735
ZOIV3TR3,0.9948271
ZON9LDDJ,0.9372447
ZOT77I93,1.0009024
ZOYSEQRB,0.40285617
ZP8I9XNP,0.015696
ZPDDNNI0,0.69598585
ZPPSSD7K,0.08990771
ZPT1QL8N,0.50015944
ZPYN6PD6,-0.91964555
ZQAI481R,0.031524897
ZR2QR3EU,0.9763448
ZR49YWLW,0.99509525
ZRBPL0VA,0.019668717
ZRE2G3AZ,0.9931939
ZRYA3DG3,0.02971928
ZSCMJ86A,0.95448023
ZSGWQQK6,0.8904573
ZTGSR1Z9,-0.1599967
ZTHTRXGK,0.04097111
ZTOROJMZ,-0.8716884
ZU42GNZV,-0.019658703
ZUOGYCSR,-0.07322181
ZUUPJ0XK,-0.8585933
ZVAGEMVN,0.93865603
ZVGK4NHI,0.040431127
ZVY4MGTY,0.97286326
ZW3B0QSF,0.99396014
ZWGKHI9X,-0.32221758
ZWGWHZ2P,0.11616592
ZWMF7T28,0.028905302
ZWZ5UHH5,0.95428646
ZX1VY73N,0.9901717
ZXCHOUKL,0.92297024
ZXM0YHW2,0.11045897
ZXNEA9IR,0.6816179
ZXVVNC5O,0.99128515
ZYIANVI8,0.11335311
ZYITEHAH,0.6584487
ZZ3BMBTG,0.98399013
ZZIYCVNH,-0.47155875
